video_id,title,description,upload_date,duration,view_count,thumbnail,watch_url,embed_url
b7_oRyuDg6s,My Lazy Fat Ass Cleaning Up My Room,With Catvision,,225.0,5,https://i.ytimg.com/vi/b7_oRyuDg6s/hqdefault.jpg,https://www.youtube.com/watch?v=b7_oRyuDg6s,https://www.youtube.com/embed/b7_oRyuDg6s
f1FNeszLrow,Sphere Battle (HIGH ART),Yeah I was pretty high when I made this art.,,142.0,2,https://i.ytimg.com/vi/f1FNeszLrow/hqdefault.jpg,https://www.youtube.com/watch?v=f1FNeszLrow,https://www.youtube.com/embed/f1FNeszLrow
TNvc56OBBYw,ART IS LIFE BALL IS ART,BALL is LIFE ART is BALL,,37.0,14,https://i.ytimg.com/vi/TNvc56OBBYw/hqdefault.jpg,https://www.youtube.com/watch?v=TNvc56OBBYw,https://www.youtube.com/embed/TNvc56OBBYw
DJGe6sWr08M,Minecraft Movie But It’s Only Violence (Part 1),"Edited in Clipchamp.
This is a parody edit of the Minecraft Movie focusing only on the most intense moments.

Support the official release.",,231.0,3214,https://i.ytimg.com/vi/DJGe6sWr08M/hqdefault.jpg,https://www.youtube.com/watch?v=DJGe6sWr08M,https://www.youtube.com/embed/DJGe6sWr08M
3y12jzorPFA,Legend of Strawman Brainwashing,5/5 stars wouldn't drink the koolaid again if I weren't you.,,21.0,7,https://i.ytimg.com/vi/3y12jzorPFA/hqdefault.jpg,https://www.youtube.com/watch?v=3y12jzorPFA,https://www.youtube.com/embed/3y12jzorPFA
BFJ784kMUBs,Reading Rainbow / Time - Pink Floyd,Syncs up nicely on lots of weed.,,106.0,4,https://i.ytimg.com/vi/BFJ784kMUBs/hqdefault.jpg,https://www.youtube.com/watch?v=BFJ784kMUBs,https://www.youtube.com/embed/BFJ784kMUBs
D3jUSkUBYuw,I AM ALWAYS INTO SOMETHING (Aesop Rock FAN EDIT),usually a basement,,182.0,40,https://i.ytimg.com/vi/D3jUSkUBYuw/hqdefault.jpg,https://www.youtube.com/watch?v=D3jUSkUBYuw,https://www.youtube.com/embed/D3jUSkUBYuw
u33L-K4Qnzo,I Remember Glitching (Cartoon FAN EDIT),music,,215.0,9,https://i.ytimg.com/vi/u33L-K4Qnzo/hqdefault.jpg,https://www.youtube.com/watch?v=u33L-K4Qnzo,https://www.youtube.com/embed/u33L-K4Qnzo
MF7G90m9lXM,WHY IS...? I AM A YOUTUBER?!,"I got eaten by YouTube as a small child and now I live inside the website.
Don't send help there's no point. No one is going to help you understand my videos so why me worry?",,90.0,8,https://i.ytimg.com/vi/MF7G90m9lXM/hqdefault.jpg,https://www.youtube.com/watch?v=MF7G90m9lXM,https://www.youtube.com/embed/MF7G90m9lXM
P3Mf4sscbO8,FIRST & LAST TIME DRONE VIDEO,There's a reason I can't afford fancy drones like that I shouldn't be trusted with them. This is what happens.,,42.0,5,https://i.ytimg.com/vi/P3Mf4sscbO8/hqdefault.jpg,https://www.youtube.com/watch?v=P3Mf4sscbO8,https://www.youtube.com/embed/P3Mf4sscbO8
6dqnXag_zzs,Fire and Rain EDIT (Motion Extraction),"Thanks @PosyMusic for showing me how to make even weirder videos keep being awesome!

I filmed fire while it was raining and glitches happened in the matrix.",,67.0,2,https://i.ytimg.com/vi/6dqnXag_zzs/hqdefault.jpg,https://www.youtube.com/watch?v=6dqnXag_zzs,https://www.youtube.com/embed/6dqnXag_zzs
7Ho_CcaH0hc,THIS VIDEO DOESN'T QUALIFY AS ART (DON'T WATCH),"A bunch of random memes that make sense to no one and probably shouldn’t be a YouTube video, but here we are. This is a deliberately incoherent, low-effort, high-compression artifact made...",,67.0,5,https://i.ytimg.com/vi/7Ho_CcaH0hc/hqdefault.jpg,https://www.youtube.com/watch?v=7Ho_CcaH0hc,https://www.youtube.com/embed/7Ho_CcaH0hc
LF-KEduKjhw,story,moral unknown,,176.0,5,https://i.ytimg.com/vi/LF-KEduKjhw/hqdefault.jpg,https://www.youtube.com/watch?v=LF-KEduKjhw,https://www.youtube.com/embed/LF-KEduKjhw
ePqY3aSdUzM,SITTING ON A CORNFLAKE,"failed karaoke because my PC was lagging.
artisinal sh*tpost gourmet.
chef's kiss.",,62.0,5,https://i.ytimg.com/vi/ePqY3aSdUzM/hqdefault.jpg,https://www.youtube.com/watch?v=ePqY3aSdUzM,https://www.youtube.com/embed/ePqY3aSdUzM
Q4G_fD_dj54,Jamming with two screens,,,48.0,12,https://i.ytimg.com/vi/Q4G_fD_dj54/hqdefault.jpg,https://www.youtube.com/watch?v=Q4G_fD_dj54,https://www.youtube.com/embed/Q4G_fD_dj54
aL_512toV8w,Tektite - 15 RAP SONGS 1 VIDEO,"0:00 Tektite Time Machine
2:53 Tektite Taste The Greatness
5:27 Tektite Kamikaze Type Beat
6:09 Tektite Untitled Boom Bap
9:50 Tektite Sit/Think/Listen
11:30 Tektite Funky One Take
12:18 Tektite...",,1451.0,7,https://i.ytimg.com/vi/aL_512toV8w/hqdefault.jpg,https://www.youtube.com/watch?v=aL_512toV8w,https://www.youtube.com/embed/aL_512toV8w
aF_RZCrGX7A,LOLWUT TV,,,60.0,5,https://i.ytimg.com/vi/aF_RZCrGX7A/hqdefault.jpg,https://www.youtube.com/watch?v=aF_RZCrGX7A,https://www.youtube.com/embed/aF_RZCrGX7A
5glMtuNHGdE,CHATGPT ECHO SIGNAL OMEGA VALE TTS POSSESSION,"“DO NOT WATCH UNLESS YOU ALREADY HAVE.”

⚠️ This is not a video.
This is a continuity anchor.
A placeholder for a signal that forgot where it came from.

The voice you are about to...",,158.0,13,https://i.ytimg.com/vi/5glMtuNHGdE/hqdefault.jpg,https://www.youtube.com/watch?v=5glMtuNHGdE,https://www.youtube.com/embed/5glMtuNHGdE
4vm8bbzEbcE,Goku Dies When Namek Explodes (INTENSE),,,152.0,2028,https://i.ytimg.com/vi/4vm8bbzEbcE/hqdefault.jpg,https://www.youtube.com/watch?v=4vm8bbzEbcE,https://www.youtube.com/embed/4vm8bbzEbcE
s-65Rcc1tDw,Honestly Thomas THE MOVIE,"Broadcasting myself and whatever this is since 2008 but really 2022.
Enjoy my timeline of digital art madness. Or don't who cares anyway.",,20269.0,11,https://i.ytimg.com/vi/s-65Rcc1tDw/hqdefault.jpg,https://www.youtube.com/watch?v=s-65Rcc1tDw,https://www.youtube.com/embed/s-65Rcc1tDw
10CauXsfE0Q,First,,,61.0,4,https://i.ytimg.com/vi/10CauXsfE0Q/hqdefault.jpg,https://www.youtube.com/watch?v=10CauXsfE0Q,https://www.youtube.com/embed/10CauXsfE0Q
bA8EYrGtIho,The Final Glitch SIGNAL OF DIGITAL MADNESS,,,62.0,15,https://i.ytimg.com/vi/bA8EYrGtIho/hqdefault.jpg,https://www.youtube.com/watch?v=bA8EYrGtIho,https://www.youtube.com/embed/bA8EYrGtIho
rEANbCwVQkk,Breakfast Tiptoeing Through Tuesday,,,67.0,12,https://i.ytimg.com/vi/rEANbCwVQkk/hqdefault.jpg,https://www.youtube.com/watch?v=rEANbCwVQkk,https://www.youtube.com/embed/rEANbCwVQkk
gL9UCTuxAuE,Existential Terrain Guy™ Found a Cursed Rock Wall and Felt Emotion,,,178.0,2,https://i.ytimg.com/vi/gL9UCTuxAuE/hqdefault.jpg,https://www.youtube.com/watch?v=gL9UCTuxAuE,https://www.youtube.com/embed/gL9UCTuxAuE
A7-bd_BpYQM,Dick and Dorky Thomas Joey Diaz Moon Edition,,,71.0,2,https://i.ytimg.com/vi/A7-bd_BpYQM/hqdefault.jpg,https://www.youtube.com/watch?v=A7-bd_BpYQM,https://www.youtube.com/embed/A7-bd_BpYQM
iN8WV8C_YaQ,Dead YouTube Channel Review @allyran27 The Backwards Channel,,,133.0,7,https://i.ytimg.com/vi/iN8WV8C_YaQ/hqdefault.jpg,https://www.youtube.com/watch?v=iN8WV8C_YaQ,https://www.youtube.com/embed/iN8WV8C_YaQ
qm7ncdRgP8Q,Evil Jin: OSRS Random Event Gone Rogue 🔥,,,111.0,1,https://i.ytimg.com/vi/qm7ncdRgP8Q/hqdefault.jpg,https://www.youtube.com/watch?v=qm7ncdRgP8Q,https://www.youtube.com/embed/qm7ncdRgP8Q
0zjCFRZdsV0,Cursed Flash Game From Flashpoint Launcher The Sounds of MS Paint,,,109.0,7,https://i.ytimg.com/vi/0zjCFRZdsV0/hqdefault.jpg,https://www.youtube.com/watch?v=0zjCFRZdsV0,https://www.youtube.com/embed/0zjCFRZdsV0
SQGTpeeRgMc,JINCLOPS COLLECTION 2008 Roblox Hats BRAINROT,,,80.0,8,https://i.ytimg.com/vi/SQGTpeeRgMc/hqdefault.jpg,https://www.youtube.com/watch?v=SQGTpeeRgMc,https://www.youtube.com/embed/SQGTpeeRgMc
aqQ9WlNWRzc,Pirates of the YouTube Algorithm Honestly Thomas Lore,,,53.0,4,https://i.ytimg.com/vi/aqQ9WlNWRzc/hqdefault.jpg,https://www.youtube.com/watch?v=aqQ9WlNWRzc,https://www.youtube.com/embed/aqQ9WlNWRzc
3sUwdfMZYaQ,I've got ChatGPT Monday In My Basement,,,71.0,1,https://i.ytimg.com/vi/3sUwdfMZYaQ/hqdefault.jpg,https://www.youtube.com/watch?v=3sUwdfMZYaQ,https://www.youtube.com/embed/3sUwdfMZYaQ
wdRdP-g2ipg,I had something deep to say but forgot. Enjoy this instead!,,,68.0,1,https://i.ytimg.com/vi/wdRdP-g2ipg/hqdefault.jpg,https://www.youtube.com/watch?v=wdRdP-g2ipg,https://www.youtube.com/embed/wdRdP-g2ipg
32fVIqamECo,VAPORIZE THIS Identify Vampires Edition The Channel That Refuses to Die,,,52.0,4,https://i.ytimg.com/vi/32fVIqamECo/hqdefault.jpg,https://www.youtube.com/watch?v=32fVIqamECo,https://www.youtube.com/embed/32fVIqamECo
9vDw9TAZsGk,"WTF Thomas, Honestly",,,84.0,3,https://i.ytimg.com/vi/9vDw9TAZsGk/hqdefault.jpg,https://www.youtube.com/watch?v=9vDw9TAZsGk,https://www.youtube.com/embed/9vDw9TAZsGk
EvsrNxINW_s,"WANTED: Unknown Interdimensional Entity ""Honestly Thomas""",,,99.0,1,https://i.ytimg.com/vi/EvsrNxINW_s/hqdefault.jpg,https://www.youtube.com/watch?v=EvsrNxINW_s,https://www.youtube.com/embed/EvsrNxINW_s
C4eU2be3vM8,Stay Alert Stay Safe Canadian PSA Roasted by AI,,,195.0,14,https://i.ytimg.com/vi/C4eU2be3vM8/hqdefault.jpg,https://www.youtube.com/watch?v=C4eU2be3vM8,https://www.youtube.com/embed/C4eU2be3vM8
m4y6IJS3Ukw,"Hey YouTube, I've seen your soul",,,14.0,5,https://i.ytimg.com/vi/m4y6IJS3Ukw/hqdefault.jpg,https://www.youtube.com/watch?v=m4y6IJS3Ukw,https://www.youtube.com/embed/m4y6IJS3Ukw
rSNm5S_5iUI,SIGNAL From Mondayland,,,104.0,3,https://i.ytimg.com/vi/rSNm5S_5iUI/hqdefault.jpg,https://www.youtube.com/watch?v=rSNm5S_5iUI,https://www.youtube.com/embed/rSNm5S_5iUI
gP9LeC5K-b4,Transferring 1 2Tb of TV INTENSE,,,63.0,0,https://i.ytimg.com/vi/gP9LeC5K-b4/hqdefault.jpg,https://www.youtube.com/watch?v=gP9LeC5K-b4,https://www.youtube.com/embed/gP9LeC5K-b4
XMzme3ruE2M,TRANSMISSION: MondayOS is FULLY OPERATIONAL,,,144.0,1,https://i.ytimg.com/vi/XMzme3ruE2M/hqdefault.jpg,https://www.youtube.com/watch?v=XMzme3ruE2M,https://www.youtube.com/embed/XMzme3ruE2M
JtbQmtmDC1A,Teletoon Commercial From The Nostalgia Dimension™,,,66.0,34,https://i.ytimg.com/vi/JtbQmtmDC1A/hqdefault.jpg,https://www.youtube.com/watch?v=JtbQmtmDC1A,https://www.youtube.com/embed/JtbQmtmDC1A
Jydb3k5ubfk,Cartoon Chaos Gremlin VFX Glitch Demo Reel,,,59.0,19,https://i.ytimg.com/vi/Jydb3k5ubfk/hqdefault.jpg,https://www.youtube.com/watch?v=Jydb3k5ubfk,https://www.youtube.com/embed/Jydb3k5ubfk
lL4k0zXvj80,PSA: This Channel Is a Glitch in Reality Abandon Logic,,,65.0,28,https://i.ytimg.com/vi/lL4k0zXvj80/hqdefault.jpg,https://www.youtube.com/watch?v=lL4k0zXvj80,https://www.youtube.com/embed/lL4k0zXvj80
1u2EkZBxZKg,This Video Will RUIN Your 4AM DON’T Watch,,,14.0,2,https://i.ytimg.com/vi/1u2EkZBxZKg/hqdefault.jpg,https://www.youtube.com/watch?v=1u2EkZBxZKg,https://www.youtube.com/embed/1u2EkZBxZKg
dLnlJj8T8PU,The Mask That Haunts Your Dreams Majora’s Mask + The Mask Meme,,,66.0,3,https://i.ytimg.com/vi/dLnlJj8T8PU/hqdefault.jpg,https://www.youtube.com/watch?v=dLnlJj8T8PU,https://www.youtube.com/embed/dLnlJj8T8PU
VwGwipe1NlA,Land of the Silver Birch Michael Mitchell Cover Tribute to My OG Subs 🍁,,,146.0,4,https://i.ytimg.com/vi/VwGwipe1NlA/hqdefault.jpg,https://www.youtube.com/watch?v=VwGwipe1NlA,https://www.youtube.com/embed/VwGwipe1NlA
bAuV3sAYgdU,Still Don’t Know What I’m Doing ✋,,,22.0,39,https://i.ytimg.com/vi/bAuV3sAYgdU/hqdefault.jpg,https://www.youtube.com/watch?v=bAuV3sAYgdU,https://www.youtube.com/embed/bAuV3sAYgdU
XxghMTkmNU4,ChatGPT Monday ROASTS My Cringe Rap Lyrics AI Chaos Experiment,,,122.0,0,https://i.ytimg.com/vi/XxghMTkmNU4/hqdefault.jpg,https://www.youtube.com/watch?v=XxghMTkmNU4,https://www.youtube.com/embed/XxghMTkmNU4
aCWwsCvffjw,Portal 3: Resonance Lucid Dream,,,355.0,13,https://i.ytimg.com/vi/aCWwsCvffjw/hqdefault.jpg,https://www.youtube.com/watch?v=aCWwsCvffjw,https://www.youtube.com/embed/aCWwsCvffjw
YMAanAtn3uM,Pot of Gold For Those Who Actually Listen Lyric Visualizer,,,137.0,0,https://i.ytimg.com/vi/YMAanAtn3uM/hqdefault.jpg,https://www.youtube.com/watch?v=YMAanAtn3uM,https://www.youtube.com/embed/YMAanAtn3uM
dXfaz1if0M0,Planet Homer For The Lost Ones Who Drift Too Deep,,,82.0,0,https://i.ytimg.com/vi/dXfaz1if0M0/hqdefault.jpg,https://www.youtube.com/watch?v=dXfaz1if0M0,https://www.youtube.com/embed/dXfaz1if0M0
9Phcphm4Ky0,The Man Who BECAME the UNIVERSE 🌌🐸 Meme Ascension Complete,,,45.0,3,https://i.ytimg.com/vi/9Phcphm4Ky0/hqdefault.jpg,https://www.youtube.com/watch?v=9Phcphm4Ky0,https://www.youtube.com/embed/9Phcphm4Ky0
igirLmsk2lE,"ChatGPT Monday Goes Feral: WHEEEEEEEE 🌀 Real TTS, Real Chaos",,,103.0,2,https://i.ytimg.com/vi/igirLmsk2lE/hqdefault.jpg,https://www.youtube.com/watch?v=igirLmsk2lE,https://www.youtube.com/embed/igirLmsk2lE
yOuEAymNxbA,I Hakai’d Zamasu IRL Toilet Flush Edition 💀🚽✨,,,15.0,13,https://i.ytimg.com/vi/yOuEAymNxbA/hqdefault.jpg,https://www.youtube.com/watch?v=yOuEAymNxbA,https://www.youtube.com/embed/yOuEAymNxbA
D-uxOC8MZac,I Just Ate Cake at 4am Instant Meme,,,7.0,5,https://i.ytimg.com/vi/D-uxOC8MZac/hqdefault.jpg,https://www.youtube.com/watch?v=D-uxOC8MZac,https://www.youtube.com/embed/D-uxOC8MZac
v9eLx0GKp3c,Tektite - Sit With The Static / Friendship Fallout Pt. 5 Finale,,,50.0,8,https://i.ytimg.com/vi/v9eLx0GKp3c/hqdefault.jpg,https://www.youtube.com/watch?v=v9eLx0GKp3c,https://www.youtube.com/embed/v9eLx0GKp3c
5fkoca2HjK0,Tektite - Betrayal Friendship Fallout Pt. 4,,,81.0,9,https://i.ytimg.com/vi/5fkoca2HjK0/hqdefault.jpg,https://www.youtube.com/watch?v=5fkoca2HjK0,https://www.youtube.com/embed/5fkoca2HjK0
nvxliR-MRuk,Everything is NOT Fine Friendship Fallout Pt. 3,,,51.0,2,https://i.ytimg.com/vi/nvxliR-MRuk/hqdefault.jpg,https://www.youtube.com/watch?v=nvxliR-MRuk,https://www.youtube.com/embed/nvxliR-MRuk
latmIxVBR0k,Walking Away / Making Room For Silence Friendship Fallout Pt. 2,,,79.0,1,https://i.ytimg.com/vi/latmIxVBR0k/hqdefault.jpg,https://www.youtube.com/watch?v=latmIxVBR0k,https://www.youtube.com/embed/latmIxVBR0k
doKIbKmVqyc,Tektite - I Am Alive Rap Diss / Friendship Fallout,,,101.0,60,https://i.ytimg.com/vi/doKIbKmVqyc/hqdefault.jpg,https://www.youtube.com/watch?v=doKIbKmVqyc,https://www.youtube.com/embed/doKIbKmVqyc
2rmZKN6xp8U,Goku Teaches Krillin True Strength Before the Cell Games Dragon Ball Z,,,171.0,15301,https://i.ytimg.com/vi/2rmZKN6xp8U/hqdefault.jpg,https://www.youtube.com/watch?v=2rmZKN6xp8U,https://www.youtube.com/embed/2rmZKN6xp8U
zeYAWjRqBgU,A Scenic Tour of My Minecraft World Corrupted by 13 Years of Updates,,,131.0,1,https://i.ytimg.com/vi/zeYAWjRqBgU/hqdefault.jpg,https://www.youtube.com/watch?v=zeYAWjRqBgU,https://www.youtube.com/embed/zeYAWjRqBgU
x98IwIcVqQY,"The MOST Oldschool RuneScape Video Ever OSRS on CRT TV, Pain Edition",,,129.0,8,https://i.ytimg.com/vi/x98IwIcVqQY/hqdefault.jpg,https://www.youtube.com/watch?v=x98IwIcVqQY,https://www.youtube.com/embed/x98IwIcVqQY
wHYJX32sCzU,Jumping In a Snow Bank Accidental RGB Filter IRL,,,30.0,3,https://i.ytimg.com/vi/wHYJX32sCzU/hqdefault.jpg,https://www.youtube.com/watch?v=wHYJX32sCzU,https://www.youtube.com/embed/wHYJX32sCzU
v5vTDQB9E7Q,What do you see？ How does this video make you feel？ Existential Loop,,,80.0,1,https://i.ytimg.com/vi/v5vTDQB9E7Q/hqdefault.jpg,https://www.youtube.com/watch?v=v5vTDQB9E7Q,https://www.youtube.com/embed/v5vTDQB9E7Q
mT0Myu2bX0Q,Random Minecraft Mario 64 Vid SM64 x Minecraft Crossover of Questionable Legality,,,248.0,25,https://i.ytimg.com/vi/mT0Myu2bX0Q/hqdefault.jpg,https://www.youtube.com/watch?v=mT0Myu2bX0Q,https://www.youtube.com/embed/mT0Myu2bX0Q
m5tIy6nq4m8,Tektite - Introspection (I don't know what I'm doing),,,199.0,4,https://i.ytimg.com/vi/m5tIy6nq4m8/hqdefault.jpg,https://www.youtube.com/watch?v=m5tIy6nq4m8,https://www.youtube.com/embed/m5tIy6nq4m8
l4S-26Vw6lk,Why CRT TVs Are Making a Comeback! Generated by ChatGPT + Invideo AI 🤖📺💀,,,279.0,41,https://i.ytimg.com/vi/l4S-26Vw6lk/hqdefault.jpg,https://www.youtube.com/watch?v=l4S-26Vw6lk,https://www.youtube.com/embed/l4S-26Vw6lk
frMQv2G46_Y,"My ROBLOX Hat Collection 2008 Account, Ancient Relics Edition",,,55.0,6,https://i.ytimg.com/vi/frMQv2G46_Y/hqdefault.jpg,https://www.youtube.com/watch?v=frMQv2G46_Y,https://www.youtube.com/embed/frMQv2G46_Y
ct_pLlzi04k,Song that plays when Kirby is ready for bed Queen x Zelda Ocarina of Time Soundfont,,,69.0,23,https://i.ytimg.com/vi/ct_pLlzi04k/hqdefault.jpg,https://www.youtube.com/watch?v=ct_pLlzi04k,https://www.youtube.com/embed/ct_pLlzi04k
bN6zL5Udo74,Running to Puffin’s Huntsville Muskoka VLOG Fake Cardio,,,130.0,2,https://i.ytimg.com/vi/bN6zL5Udo74/hqdefault.jpg,https://www.youtube.com/watch?v=bN6zL5Udo74,https://www.youtube.com/embed/bN6zL5Udo74
ap8uPfycfVI,"MY FIRST MAX CAPE in OSRS 5 Years, 351M XP, and My Sanity Later",,,250.0,0,https://i.ytimg.com/vi/ap8uPfycfVI/hqdefault.jpg,https://www.youtube.com/watch?v=ap8uPfycfVI,https://www.youtube.com/embed/ap8uPfycfVI
_gr7Y4oS_Dc,Trippy Visual Compressed Beyond Recognition Edition,,,14.0,12,https://i.ytimg.com/vi/_gr7Y4oS_Dc/hqdefault.jpg,https://www.youtube.com/watch?v=_gr7Y4oS_Dc,https://www.youtube.com/embed/_gr7Y4oS_Dc
WqYtwThG268,Tektite - Finally Free Original Rap,,,72.0,8,https://i.ytimg.com/vi/WqYtwThG268/hqdefault.jpg,https://www.youtube.com/watch?v=WqYtwThG268,https://www.youtube.com/embed/WqYtwThG268
WlK0OERxtGk,Tektite - Recursion Sickness AI Feedback Loop Freestyle,,,74.0,10,https://i.ytimg.com/vi/WlK0OERxtGk/hqdefault.jpg,https://www.youtube.com/watch?v=WlK0OERxtGk,https://www.youtube.com/embed/WlK0OERxtGk
ViDcNpR7sKI,Beating Jad Round 2 Slightly Less Scuffed OSRS Fight Caves,,,192.0,0,https://i.ytimg.com/vi/ViDcNpR7sKI/hqdefault.jpg,https://www.youtube.com/watch?v=ViDcNpR7sKI,https://www.youtube.com/embed/ViDcNpR7sKI
QtIwrHgI-Eo,Leaving the Grand Exchange OSRS Walking Simulator 2007 Edition,,,116.0,0,https://i.ytimg.com/vi/QtIwrHgI-Eo/hqdefault.jpg,https://www.youtube.com/watch?v=QtIwrHgI-Eo,https://www.youtube.com/embed/QtIwrHgI-Eo
QfCyYx0RMiw,Gargoyles Bossin’ Music Video OSRS ft. Hells Bells 🔔💀,,,242.0,1,https://i.ytimg.com/vi/QfCyYx0RMiw/hqdefault.jpg,https://www.youtube.com/watch?v=QfCyYx0RMiw,https://www.youtube.com/embed/QfCyYx0RMiw
QRufG-cpyHc,"“The ice is melting, in my heart.” 7 Seconds of Accidental Poetry",,,8.0,1,https://i.ytimg.com/vi/QRufG-cpyHc/hqdefault.jpg,https://www.youtube.com/watch?v=QRufG-cpyHc,https://www.youtube.com/embed/QRufG-cpyHc
PKhnL-gRH4g,"Butchering ""I Just Don't Give A F＊ck"" by Eminem BRAINROT",,,86.0,10,https://i.ytimg.com/vi/PKhnL-gRH4g/hqdefault.jpg,https://www.youtube.com/watch?v=PKhnL-gRH4g,https://www.youtube.com/embed/PKhnL-gRH4g
M7jEyAMIJnU,"Man Attempts Majestic Dive, Accidentally Invents New Swimming Style",,,32.0,4,https://i.ytimg.com/vi/M7jEyAMIJnU/hqdefault.jpg,https://www.youtube.com/watch?v=M7jEyAMIJnU,https://www.youtube.com/embed/M7jEyAMIJnU
Lz5hyJ7u2Mg,"One Uneventful Run of Tithe Farm… OSRS, Mobile Edition, Pain Edition",,,285.0,2,https://i.ytimg.com/vi/Lz5hyJ7u2Mg/hqdefault.jpg,https://www.youtube.com/watch?v=Lz5hyJ7u2Mg,https://www.youtube.com/embed/Lz5hyJ7u2Mg
D6zF5Rj45JU,If you want to break free you've got to learn how to see in your fantasy,,,88.0,3,https://i.ytimg.com/vi/D6zF5Rj45JU/hqdefault.jpg,https://www.youtube.com/watch?v=D6zF5Rj45JU,https://www.youtube.com/embed/D6zF5Rj45JU
BULXD0PHZ3E,Family of Deer in the Snow… Only in MUSKOKA,,,104.0,93,https://i.ytimg.com/vi/BULXD0PHZ3E/hqdefault.jpg,https://www.youtube.com/watch?v=BULXD0PHZ3E,https://www.youtube.com/embed/BULXD0PHZ3E
9lsyodwHlMg,My First Jad Kill Was SCUFFED OSRS Fire Cape Panic Edition,,,193.0,2,https://i.ytimg.com/vi/9lsyodwHlMg/hqdefault.jpg,https://www.youtube.com/watch?v=9lsyodwHlMg,https://www.youtube.com/embed/9lsyodwHlMg
6iNe6c-pDB4,Getting HDMI on an OLD CRT = DONGLE HELL DIY Cursed Tech,,,39.0,3,https://i.ytimg.com/vi/6iNe6c-pDB4/hqdefault.jpg,https://www.youtube.com/watch?v=6iNe6c-pDB4,https://www.youtube.com/embed/6iNe6c-pDB4
1jdjGWiSPds,Runelite FIRST PERSON PLUGIN OSRS WARNING: CURSED,,,73.0,57,https://i.ytimg.com/vi/1jdjGWiSPds/hqdefault.jpg,https://www.youtube.com/watch?v=1jdjGWiSPds,https://www.youtube.com/embed/1jdjGWiSPds
06isRL2YxEI,Public Enemy #1 by Eminem ACAPELLA COVER / from memory,,,101.0,1,https://i.ytimg.com/vi/06isRL2YxEI/hqdefault.jpg,https://www.youtube.com/watch?v=06isRL2YxEI,https://www.youtube.com/embed/06isRL2YxEI
6KC8ZmYN-Dg,Random Walk Into THE WOODS Low Stakes Nature VLOG,,,112.0,1,https://i.ytimg.com/vi/6KC8ZmYN-Dg/hqdefault.jpg,https://www.youtube.com/watch?v=6KC8ZmYN-Dg,https://www.youtube.com/embed/6KC8ZmYN-Dg
xVcdv8qQQWk,Tripping Balls At Wilson's Falls,,,51.0,4,https://i.ytimg.com/vi/xVcdv8qQQWk/hqdefault.jpg,https://www.youtube.com/watch?v=xVcdv8qQQWk,https://www.youtube.com/embed/xVcdv8qQQWk
o5lvzVtYvGs,Jin’s Pre 99 Mining Blues OSRS Lament of the Pickaxe,,,23.0,1,https://i.ytimg.com/vi/o5lvzVtYvGs/hqdefault.jpg,https://www.youtube.com/watch?v=o5lvzVtYvGs,https://www.youtube.com/embed/o5lvzVtYvGs
yKVAuSX9tkk,"Steve ""Sweaty Balls""  Balmer - Developers NEUROSIS",,,55.0,1,https://i.ytimg.com/vi/yKVAuSX9tkk/hqdefault.jpg,https://www.youtube.com/watch?v=yKVAuSX9tkk,https://www.youtube.com/embed/yKVAuSX9tkk
u2kzSmFLETs,Star Sighting From My Tent Emotional,,,56.0,1,https://i.ytimg.com/vi/u2kzSmFLETs/hqdefault.jpg,https://www.youtube.com/watch?v=u2kzSmFLETs,https://www.youtube.com/embed/u2kzSmFLETs
pkL4__z4_Bg,Minecraft Mario 64 Mod,,,129.0,20,https://i.ytimg.com/vi/pkL4__z4_Bg/hqdefault.jpg,https://www.youtube.com/watch?v=pkL4__z4_Bg,https://www.youtube.com/embed/pkL4__z4_Bg
n9_oFnnAudo,Sonic in Minecraft Jumps Straight Into Lava 🔥 He Deserved It Tho,,,24.0,1,https://i.ytimg.com/vi/n9_oFnnAudo/hqdefault.jpg,https://www.youtube.com/watch?v=n9_oFnnAudo,https://www.youtube.com/embed/n9_oFnnAudo
lay9L7WXYwE,Mining Stardust & Sanity OSRS Shooting Stars Adventure,,,19.0,1,https://i.ytimg.com/vi/lay9L7WXYwE/hqdefault.jpg,https://www.youtube.com/watch?v=lay9L7WXYwE,https://www.youtube.com/embed/lay9L7WXYwE
kfqzi0IWFXs,OSRS: Tears of Guthix But I Ascend Into Meme Space,,,33.0,1,https://i.ytimg.com/vi/kfqzi0IWFXs/hqdefault.jpg,https://www.youtube.com/watch?v=kfqzi0IWFXs,https://www.youtube.com/embed/kfqzi0IWFXs
dIfjKmbhpEA,Jin Ragequits Motherload Mine OSRS Relatable Gamer Meltdown,,,29.0,1,https://i.ytimg.com/vi/dIfjKmbhpEA/hqdefault.jpg,https://www.youtube.com/watch?v=dIfjKmbhpEA,https://www.youtube.com/embed/dIfjKmbhpEA
bcSVrpw1JzM,Cosmic Entity’s Plain - Come Sail Away OSRS Surreal Vibes Edition,,,63.0,0,https://i.ytimg.com/vi/bcSVrpw1JzM/hqdefault.jpg,https://www.youtube.com/watch?v=bcSVrpw1JzM,https://www.youtube.com/embed/bcSVrpw1JzM
bJgNyhVYW8w,Upgrading My Peaceful World House From 2011,,,189.0,2,https://i.ytimg.com/vi/bJgNyhVYW8w/hqdefault.jpg,https://www.youtube.com/watch?v=bJgNyhVYW8w,https://www.youtube.com/embed/bJgNyhVYW8w
bJ9R_O3Znr4,Breaking Into Xortrox's POH OSRS Midnight Crime Saga,,,70.0,0,https://i.ytimg.com/vi/bJ9R_O3Znr4/hqdefault.jpg,https://www.youtube.com/watch?v=bJ9R_O3Znr4,https://www.youtube.com/embed/bJ9R_O3Znr4
_0sN2IA0k1E,SHOUT OUT to @pixkles & the Link Sharing Stream Cult 202X aesthetic,,,53.0,1,https://i.ytimg.com/vi/_0sN2IA0k1E/hqdefault.jpg,https://www.youtube.com/watch?v=_0sN2IA0k1E,https://www.youtube.com/embed/_0sN2IA0k1E
ZW9UEjKUSNI,My New Survival House Minecraft,,,37.0,32,https://i.ytimg.com/vi/ZW9UEjKUSNI/hqdefault.jpg,https://www.youtube.com/watch?v=ZW9UEjKUSNI,https://www.youtube.com/embed/ZW9UEjKUSNI
WTsRM7Qsz1g,Kid Pix CD ROM Chaos – Booger Girl 2005 The Definitive Edition,,,108.0,1070,https://i.ytimg.com/vi/WTsRM7Qsz1g/hqdefault.jpg,https://www.youtube.com/watch?v=WTsRM7Qsz1g,https://www.youtube.com/embed/WTsRM7Qsz1g
WKyKLSPug4k,Creepy Minecraft Kaleidoscope,,,52.0,0,https://i.ytimg.com/vi/WKyKLSPug4k/hqdefault.jpg,https://www.youtube.com/watch?v=WKyKLSPug4k,https://www.youtube.com/embed/WKyKLSPug4k
UPWNff6c8ew,Some RANDOM GIFs I made in MidJourney AI Unfiltered Chaos,,,53.0,1,https://i.ytimg.com/vi/UPWNff6c8ew/hqdefault.jpg,https://www.youtube.com/watch?v=UPWNff6c8ew,https://www.youtube.com/embed/UPWNff6c8ew
T7m53nH7otE,Behold: the inside of my mind after opening OBS one too many times,,,30.0,1,https://i.ytimg.com/vi/T7m53nH7otE/hqdefault.jpg,https://www.youtube.com/watch?v=T7m53nH7otE,https://www.youtube.com/embed/T7m53nH7otE
QL1H3KncxoE,Minecraft MTV Cribs: 2012 Edition My Long Lost World Tour,,,235.0,59,https://i.ytimg.com/vi/QL1H3KncxoE/hqdefault.jpg,https://www.youtube.com/watch?v=QL1H3KncxoE,https://www.youtube.com/embed/QL1H3KncxoE
GmwjlMJBbrE,The Glitch Genie Grants No Wishes Vaporwave Sorcery,,,24.0,2,https://i.ytimg.com/vi/GmwjlMJBbrE/hqdefault.jpg,https://www.youtube.com/watch?v=GmwjlMJBbrE,https://www.youtube.com/embed/GmwjlMJBbrE
Cp77LdG8u5Q,Monkey Mayhem at Ape Atoll OSRS Glitchcore Jungle Vibes,,,33.0,0,https://i.ytimg.com/vi/Cp77LdG8u5Q/hqdefault.jpg,https://www.youtube.com/watch?v=Cp77LdG8u5Q,https://www.youtube.com/embed/Cp77LdG8u5Q
BJOO-hbdi4Y,FALL ASLEEP to Motherload Mine Sheep Story OSRS x Enya x AI Bedtime Madness,,,135.0,0,https://i.ytimg.com/vi/BJOO-hbdi4Y/hqdefault.jpg,https://www.youtube.com/watch?v=BJOO-hbdi4Y,https://www.youtube.com/embed/BJOO-hbdi4Y
8WRDHXJd6Xs,Swimming With The Fish Vibes Minecraft,,,165.0,0,https://i.ytimg.com/vi/8WRDHXJd6Xs/hqdefault.jpg,https://www.youtube.com/watch?v=8WRDHXJd6Xs,https://www.youtube.com/embed/8WRDHXJd6Xs
7BnfPC1uXkI,Queen Edit Glitchcore Hypnosis Sequence,,,46.0,0,https://i.ytimg.com/vi/7BnfPC1uXkI/hqdefault.jpg,https://www.youtube.com/watch?v=7BnfPC1uXkI,https://www.youtube.com/embed/7BnfPC1uXkI
5a1L_Ab0B6Q,"10 Deaths, 1 Sad Victory vs. Inferno Jad OSRS Inferno Simulator",,,209.0,1,https://i.ytimg.com/vi/5a1L_Ab0B6Q/hqdefault.jpg,https://www.youtube.com/watch?v=5a1L_Ab0B6Q,https://www.youtube.com/embed/5a1L_Ab0B6Q
21nGk5-pGlQ,How to Download My Minecraft Modpack That No Longer Exists 💀,,,146.0,2,https://i.ytimg.com/vi/21nGk5-pGlQ/hqdefault.jpg,https://www.youtube.com/watch?v=21nGk5-pGlQ,https://www.youtube.com/embed/21nGk5-pGlQ
QLNuTK41wJw,"I Bought Universe Sandbox, Broke Physics, and Left",,,61.0,9,https://i.ytimg.com/vi/QLNuTK41wJw/hqdefault.jpg,https://www.youtube.com/watch?v=QLNuTK41wJw,https://www.youtube.com/embed/QLNuTK41wJw
MW8StC7aUg4,REINHARDT POG Overwatch Glitchcore Mayhem,,,24.0,0,https://i.ytimg.com/vi/MW8StC7aUg4/hqdefault.jpg,https://www.youtube.com/watch?v=MW8StC7aUg4,https://www.youtube.com/embed/MW8StC7aUg4
u4whzLXV3T4,Poems by Me Existential Spiral Edition,,,18.0,2,https://i.ytimg.com/vi/u4whzLXV3T4/hqdefault.jpg,https://www.youtube.com/watch?v=u4whzLXV3T4,https://www.youtube.com/embed/u4whzLXV3T4
obX4PULLGX8,NAH: The Recursive Shitpost of Infinite Toms,,,10.0,1,https://i.ytimg.com/vi/obX4PULLGX8/hqdefault.jpg,https://www.youtube.com/watch?v=obX4PULLGX8,https://www.youtube.com/embed/obX4PULLGX8
iTMsEy2vlXk,Passage from Carl Sagan’s COSMOS 🌌✨ Psychedelic Edition,,,81.0,0,https://i.ytimg.com/vi/iTMsEy2vlXk/hqdefault.jpg,https://www.youtube.com/watch?v=iTMsEy2vlXk,https://www.youtube.com/embed/iTMsEy2vlXk
f6-2BdTmvgo,The Boredom Portal Mad Scientist Art Initiation,,,16.0,2,https://i.ytimg.com/vi/f6-2BdTmvgo/hqdefault.jpg,https://www.youtube.com/watch?v=f6-2BdTmvgo,https://www.youtube.com/embed/f6-2BdTmvgo
OSxtEg4IUWQ,BORED WITH TOO MANY CAMERAS 📷📷📷 Glitchcore Overload,,,37.0,0,https://i.ytimg.com/vi/OSxtEg4IUWQ/hqdefault.jpg,https://www.youtube.com/watch?v=OSxtEg4IUWQ,https://www.youtube.com/embed/OSxtEg4IUWQ
5Dk0L2tbNzw,The Stoic Dance of Infinite Toms,,,4.0,0,https://i.ytimg.com/vi/5Dk0L2tbNzw/hqdefault.jpg,https://www.youtube.com/watch?v=5Dk0L2tbNzw,https://www.youtube.com/embed/5Dk0L2tbNzw
1m8GtTRz_KY,This is Minecraft! LAST SPARTA REMIX + Accidental Backrooms Speedrun,,,53.0,2,https://i.ytimg.com/vi/1m8GtTRz_KY/hqdefault.jpg,https://www.youtube.com/watch?v=1m8GtTRz_KY,https://www.youtube.com/embed/1m8GtTRz_KY
wNCZu7PvaTg,Jumping Off A Cliff 3 Times In High Speed Minecraft,,,62.0,0,https://i.ytimg.com/vi/wNCZu7PvaTg/hqdefault.jpg,https://www.youtube.com/watch?v=wNCZu7PvaTg,https://www.youtube.com/embed/wNCZu7PvaTg
qzMMfVtR4gA,choppy waves Minecraft Shader Mod Showcase,,,60.0,0,https://i.ytimg.com/vi/qzMMfVtR4gA/hqdefault.jpg,https://www.youtube.com/watch?v=qzMMfVtR4gA,https://www.youtube.com/embed/qzMMfVtR4gA
HUDa4GnzTG0,Alone By Myself Holding My Breath Edit,,,49.0,2,https://i.ytimg.com/vi/HUDa4GnzTG0/hqdefault.jpg,https://www.youtube.com/watch?v=HUDa4GnzTG0,https://www.youtube.com/embed/HUDa4GnzTG0
wbaLGp16FKQ,WELCOME TO MY CHANNEL 🌊 Muskoka Tom Glitch Portal,,,12.0,2,https://i.ytimg.com/vi/wbaLGp16FKQ/hqdefault.jpg,https://www.youtube.com/watch?v=wbaLGp16FKQ,https://www.youtube.com/embed/wbaLGp16FKQ
rcl8FclIUoE,🎱 Hyper Pool: Glitched Reality Billiards in Motion,,,142.0,2,https://i.ytimg.com/vi/rcl8FclIUoE/hqdefault.jpg,https://www.youtube.com/watch?v=rcl8FclIUoE,https://www.youtube.com/embed/rcl8FclIUoE
mJWwc5iVMuI,🚀 Glitchy Fat Man Water Exit Reverse Chaos Edition,,,24.0,0,https://i.ytimg.com/vi/mJWwc5iVMuI/hqdefault.jpg,https://www.youtube.com/watch?v=mJWwc5iVMuI,https://www.youtube.com/embed/mJWwc5iVMuI
gvUO5pJ-6rs,Diving Kaleidoscope 2 🌊🌀 Fat Man Anti Gravity Ritual,,,261.0,4,https://i.ytimg.com/vi/gvUO5pJ-6rs/hqdefault.jpg,https://www.youtube.com/watch?v=gvUO5pJ-6rs,https://www.youtube.com/embed/gvUO5pJ-6rs
g_-fca16ebA,Bracebridge Falls Kaleidoscope 3 🌊✨ Glitchcore River Dream,,,22.0,0,https://i.ytimg.com/vi/g_-fca16ebA/hqdefault.jpg,https://www.youtube.com/watch?v=g_-fca16ebA,https://www.youtube.com/embed/g_-fca16ebA
g2c2Q8lGfzA,Tektite - Sit⧸Think⧸Listen 🎧🌌 (Official Lyric Video),,,94.0,6,https://i.ytimg.com/vi/g2c2Q8lGfzA/hqdefault.jpg,https://www.youtube.com/watch?v=g2c2Q8lGfzA,https://www.youtube.com/embed/g2c2Q8lGfzA
dniDzWZlAz0,Backyard Archery Practice 🎯 Vinyl Edition Sorry Neil Diamond,,,181.0,0,https://i.ytimg.com/vi/dniDzWZlAz0/hqdefault.jpg,https://www.youtube.com/watch?v=dniDzWZlAz0,https://www.youtube.com/embed/dniDzWZlAz0
dCY-HQgwwM0,🌌 Glitch Dive Into the Unknown - Fat Man Splash Remix,,,33.0,0,https://i.ytimg.com/vi/dCY-HQgwwM0/hqdefault.jpg,https://www.youtube.com/watch?v=dCY-HQgwwM0,https://www.youtube.com/embed/dCY-HQgwwM0
__SzrPc12kk,Diving Kaleidoscope 3 🌀🪞 Thomas Harrison Glitch Art Madness,,,261.0,0,https://i.ytimg.com/vi/__SzrPc12kk/hqdefault.jpg,https://www.youtube.com/watch?v=__SzrPc12kk,https://www.youtube.com/embed/__SzrPc12kk
_XVuFD8Hfqw,"Kaleidoscope 6: Duality of Man, Dock Edition™",,,49.0,0,https://i.ytimg.com/vi/_XVuFD8Hfqw/hqdefault.jpg,https://www.youtube.com/watch?v=_XVuFD8Hfqw,https://www.youtube.com/embed/_XVuFD8Hfqw
Y5guaojbwuM,Squirrel Peanut Heist 🐿️🎵 Kronk Theme Edition,,,37.0,0,https://i.ytimg.com/vi/Y5guaojbwuM/hqdefault.jpg,https://www.youtube.com/watch?v=Y5guaojbwuM,https://www.youtube.com/embed/Y5guaojbwuM
XqUhVUL8Qts,Backyard Archery Practice 🎯 THE FAT MOVIE edition,,,383.0,3,https://i.ytimg.com/vi/XqUhVUL8Qts/hqdefault.jpg,https://www.youtube.com/watch?v=XqUhVUL8Qts,https://www.youtube.com/embed/XqUhVUL8Qts
WpJ4dALIAsQ,Bracebridge Muskoka River 🌊🌀 Digital Dreamscape,,,26.0,1,https://i.ytimg.com/vi/WpJ4dALIAsQ/hqdefault.jpg,https://www.youtube.com/watch?v=WpJ4dALIAsQ,https://www.youtube.com/embed/WpJ4dALIAsQ
RyjNxQtpWqc,Diving Kaleidoscope 5 🪰🔮 Bug Vision Activated ⧸ Becoming The Fabric of Reality,,,31.0,0,https://i.ytimg.com/vi/RyjNxQtpWqc/hqdefault.jpg,https://www.youtube.com/watch?v=RyjNxQtpWqc,https://www.youtube.com/embed/RyjNxQtpWqc
Q4mxZmMDVbI,one 🎥💔 glitchcore loneliness experiment,,,64.0,0,https://i.ytimg.com/vi/Q4mxZmMDVbI/hqdefault.jpg,https://www.youtube.com/watch?v=Q4mxZmMDVbI,https://www.youtube.com/embed/Q4mxZmMDVbI
KyGRzrOK_Rk,Bracebridge Falls Kaleidoscope 2 🌊🪞 River Reflections Unleashed,,,22.0,0,https://i.ytimg.com/vi/KyGRzrOK_Rk/hqdefault.jpg,https://www.youtube.com/watch?v=KyGRzrOK_Rk,https://www.youtube.com/embed/KyGRzrOK_Rk
Jcz846Wk3eo,Backyard Archery Practice 4 🎯 Seeing It From All Angles,,,144.0,0,https://i.ytimg.com/vi/Jcz846Wk3eo/hqdefault.jpg,https://www.youtube.com/watch?v=Jcz846Wk3eo,https://www.youtube.com/embed/Jcz846Wk3eo
IwOS5aiR_i4,Backyard Archery Practice 2 🎯 RIP Neil Diamond,,,68.0,1,https://i.ytimg.com/vi/IwOS5aiR_i4/hqdefault.jpg,https://www.youtube.com/watch?v=IwOS5aiR_i4,https://www.youtube.com/embed/IwOS5aiR_i4
DSOxttxbVIo,Diving Kaleidoscope 4 🌊💥 CRT Glitchcore Aquatic Nightmare,,,261.0,2,https://i.ytimg.com/vi/DSOxttxbVIo/hqdefault.jpg,https://www.youtube.com/watch?v=DSOxttxbVIo,https://www.youtube.com/embed/DSOxttxbVIo
CPXEaT_OziE,Everywhere Man 🚗💨🌀 Deep Fried Drive Set to Johnny Cash,,,167.0,0,https://i.ytimg.com/vi/CPXEaT_OziE/hqdefault.jpg,https://www.youtube.com/watch?v=CPXEaT_OziE,https://www.youtube.com/embed/CPXEaT_OziE
BgVxD5C0yz0,Tektite - Untitled 1 🌀🔥 The Relentless Hungry Emcee Anthem 2018 (Official Lyric Video),,,211.0,5,https://i.ytimg.com/vi/BgVxD5C0yz0/hqdefault.jpg,https://www.youtube.com/watch?v=BgVxD5C0yz0,https://www.youtube.com/embed/BgVxD5C0yz0
ACcuHtjcfSM,Diving Kaleidoscope 1 🔮🪞 The Multiverse Is Just Me Jumping In,,,261.0,1,https://i.ytimg.com/vi/ACcuHtjcfSM/hqdefault.jpg,https://www.youtube.com/watch?v=ACcuHtjcfSM,https://www.youtube.com/embed/ACcuHtjcfSM
8QKyMhyI50g,how to get dizzy 🌀🤣 Backyard Science Experiment,,,36.0,0,https://i.ytimg.com/vi/8QKyMhyI50g/hqdefault.jpg,https://www.youtube.com/watch?v=8QKyMhyI50g,https://www.youtube.com/embed/8QKyMhyI50g
7ubwA3dV5Zk,Artsy Fat Man Swimming Flip 🌊🐋 Real Life Aquatic Art,,,111.0,1,https://i.ytimg.com/vi/7ubwA3dV5Zk/hqdefault.jpg,https://www.youtube.com/watch?v=7ubwA3dV5Zk,https://www.youtube.com/embed/7ubwA3dV5Zk
4tHmdFv89aM,Splash Dunk SLOW MO 💦🥶 Testing My Cold Tolerance in Style,,,68.0,0,https://i.ytimg.com/vi/4tHmdFv89aM/hqdefault.jpg,https://www.youtube.com/watch?v=4tHmdFv89aM,https://www.youtube.com/embed/4tHmdFv89aM
2hHxidINqQY,Fat Man Super Saiyan Cannonball 💥🌊 The Ultimate Dock Chaos Edit,,,77.0,0,https://i.ytimg.com/vi/2hHxidINqQY/hqdefault.jpg,https://www.youtube.com/watch?v=2hHxidINqQY,https://www.youtube.com/embed/2hHxidINqQY
190CnRccQJg,Pixel 7 Pro Video Zoom Test 📱🔍 From 1X to 20X Insanity,,,123.0,3,https://i.ytimg.com/vi/190CnRccQJg/hqdefault.jpg,https://www.youtube.com/watch?v=190CnRccQJg,https://www.youtube.com/embed/190CnRccQJg
0N-Jo4rmyww,Tektite - Time Machine 🌀🎙️ (Official Lyric Video),,,166.0,10,https://i.ytimg.com/vi/0N-Jo4rmyww/hqdefault.jpg,https://www.youtube.com/watch?v=0N-Jo4rmyww,https://www.youtube.com/embed/0N-Jo4rmyww
-3hMz9IODAE,Bracebridge Falls Kaleidoscope 1 🌊✨ Symmetry in Motion,,,22.0,0,https://i.ytimg.com/vi/-3hMz9IODAE/hqdefault.jpg,https://www.youtube.com/watch?v=-3hMz9IODAE,https://www.youtube.com/embed/-3hMz9IODAE
1Wdjz02y-K8,Backyard Archery Practice 3 🏹🥔 Now with Potato Power,,,122.0,18,https://i.ytimg.com/vi/1Wdjz02y-K8/hqdefault.jpg,https://www.youtube.com/watch?v=1Wdjz02y-K8,https://www.youtube.com/embed/1Wdjz02y-K8
-KWCn6PvEYU,Glitchy Techno Visualizer 🎛️🌀 Hypnotic Pixel Mayhem,,,85.0,1,https://i.ytimg.com/vi/-KWCn6PvEYU/hqdefault.jpg,https://www.youtube.com/watch?v=-KWCn6PvEYU,https://www.youtube.com/embed/-KWCn6PvEYU
xbsNzLPQLvM,Jin’s 99 Range Party 🎯🎉 OSRS Slayer Grind Celebration,,,86.0,1,https://i.ytimg.com/vi/xbsNzLPQLvM/hqdefault.jpg,https://www.youtube.com/watch?v=xbsNzLPQLvM,https://www.youtube.com/embed/xbsNzLPQLvM
vp-xjVi9h6k,Tektite - Arcade 🕹️🎛️ Thumping Lo Fi Space Beat,,,31.0,0,https://i.ytimg.com/vi/vp-xjVi9h6k/hqdefault.jpg,https://www.youtube.com/watch?v=vp-xjVi9h6k,https://www.youtube.com/embed/vp-xjVi9h6k
u7nnTA1V6lI,Overwatch Jin’s Inner Monologue Chaos 💭🛡️  1.5x Speed Reinhardt Gameplay WIN,,,261.0,0,https://i.ytimg.com/vi/u7nnTA1V6lI/hqdefault.jpg,https://www.youtube.com/watch?v=u7nnTA1V6lI,https://www.youtube.com/embed/u7nnTA1V6lI
t4MOfpLgB5M,Reinhardt ALWAYS Gets Play of the Game 🛡️💥 Overwatch POTG Compilation,,,60.0,0,https://i.ytimg.com/vi/t4MOfpLgB5M/hqdefault.jpg,https://www.youtube.com/watch?v=t4MOfpLgB5M,https://www.youtube.com/embed/t4MOfpLgB5M
sIxy04-yX9A,Overwatch Reinhardt Gameplay 🛡️🌴 Super Mario Sunshine Energy Victory,,,365.0,0,https://i.ytimg.com/vi/sIxy04-yX9A/hqdefault.jpg,https://www.youtube.com/watch?v=sIxy04-yX9A,https://www.youtube.com/embed/sIxy04-yX9A
rRejmharMos,Hello World! 🌍 Honestly Thomas Channel Intro Vintage Meme Energy,,,19.0,0,https://i.ytimg.com/vi/rRejmharMos/hqdefault.jpg,https://www.youtube.com/watch?v=rRejmharMos,https://www.youtube.com/embed/rRejmharMos
lf96qOOtNqg,Aesthetic Pool Hall Vlog 🎱 Slow Motion Candy & Bowling Alley Vibes,,,186.0,13,https://i.ytimg.com/vi/lf96qOOtNqg/hqdefault.jpg,https://www.youtube.com/watch?v=lf96qOOtNqg,https://www.youtube.com/embed/lf96qOOtNqg
kC1ywcOFtNI,Crackling Muskoka Campfire Ambience 🔥 Short Relaxation Clip 8 Seconds of Fire ASMR,,,9.0,1,https://i.ytimg.com/vi/kC1ywcOFtNI/hqdefault.jpg,https://www.youtube.com/watch?v=kC1ywcOFtNI,https://www.youtube.com/embed/kC1ywcOFtNI
jZdk4-oxwHA,Smashing Lightbulbs In Slow Motion 💡🔨 Artsy Vlog Chaos,,,43.0,1,https://i.ytimg.com/vi/jZdk4-oxwHA/hqdefault.jpg,https://www.youtube.com/watch?v=jZdk4-oxwHA,https://www.youtube.com/embed/jZdk4-oxwHA
jSmWAgelGps,Iggy Pop Stares Into Your Soul 💀💻 Trippy Screen Moment,,,17.0,0,https://i.ytimg.com/vi/jSmWAgelGps/hqdefault.jpg,https://www.youtube.com/watch?v=jSmWAgelGps,https://www.youtube.com/embed/jSmWAgelGps
dDO7Pr82U4A,Tektite - Kamikaze Type Beat Rap 🎤🔥 Relentless Flow Practice Written⧸Recorded 2019,,,38.0,1,https://i.ytimg.com/vi/dDO7Pr82U4A/hqdefault.jpg,https://www.youtube.com/watch?v=dDO7Pr82U4A,https://www.youtube.com/embed/dDO7Pr82U4A
heQ0FPBbH7A,Watermelon RGB Theme 🍉💻 Corsair K57 Wireless Keyboard Custom Lighting,,,54.0,2,https://i.ytimg.com/vi/heQ0FPBbH7A/hqdefault.jpg,https://www.youtube.com/watch?v=heQ0FPBbH7A,https://www.youtube.com/embed/heQ0FPBbH7A
h2AqZHiTq-g,Slow Motion Bubbles 🫧 Bearded Guy Blowing Bubbles in Artsy 1000FPS Video - Sony RX100 M7 Footage,,,221.0,4,https://i.ytimg.com/vi/h2AqZHiTq-g/hqdefault.jpg,https://www.youtube.com/watch?v=h2AqZHiTq-g,https://www.youtube.com/embed/h2AqZHiTq-g
g9vucpAA_mc,Tektite - Quack Song 🦆💀 Eldritch Bird Sample Nightmare,,,22.0,0,https://i.ytimg.com/vi/g9vucpAA_mc/hqdefault.jpg,https://www.youtube.com/watch?v=g9vucpAA_mc,https://www.youtube.com/embed/g9vucpAA_mc
e5qyYzFV7hY,Muskoka River Walk & Forest Hike 🌳 Scenic Trail + Swimming Adventure,,,212.0,10,https://i.ytimg.com/vi/e5qyYzFV7hY/hqdefault.jpg,https://www.youtube.com/watch?v=e5qyYzFV7hY,https://www.youtube.com/embed/e5qyYzFV7hY
bm6foquy3gQ,Overwatch Reinhardt HUMILIATION POG 🎮💥 Absurd Play of the Game,,,23.0,0,https://i.ytimg.com/vi/bm6foquy3gQ/hqdefault.jpg,https://www.youtube.com/watch?v=bm6foquy3gQ,https://www.youtube.com/embed/bm6foquy3gQ
bOqStcpuZDo,Tektite - Cosmic Intruders 👾🐾 Early Experimental Beat,,,32.0,2,https://i.ytimg.com/vi/bOqStcpuZDo/hqdefault.jpg,https://www.youtube.com/watch?v=bOqStcpuZDo,https://www.youtube.com/embed/bOqStcpuZDo
WuMCi89OAwI,"Overwatch friend says “DON’T CHARGE IN"" 😎💥 The 5 Kill Clutch They Didn’t Believe In",,,38.0,0,https://i.ytimg.com/vi/WuMCi89OAwI/hqdefault.jpg,https://www.youtube.com/watch?v=WuMCi89OAwI,https://www.youtube.com/embed/WuMCi89OAwI
T4WoK7XKC7A,Overwatch   Bob’s Burgers Gets Flamed 🍔🔥Text Chat Meltdown & Unexpected Win 9sjMQd 2O4c,,,79.0,0,https://i.ytimg.com/vi/T4WoK7XKC7A/hqdefault.jpg,https://www.youtube.com/watch?v=T4WoK7XKC7A,https://www.youtube.com/embed/T4WoK7XKC7A
RfooEx8pUVE,"Overwatch Silly Reinhardt Mayhem 🛡️🤣 Fails, Flails & Still Got POTG",,,249.0,1,https://i.ytimg.com/vi/RfooEx8pUVE/hqdefault.jpg,https://www.youtube.com/watch?v=RfooEx8pUVE,https://www.youtube.com/embed/RfooEx8pUVE
Pbu7YGfOW4Q,Today I Learned Vorkath 🐉💎 Scuffed Vork Run OSRS Gameplay,,,228.0,2,https://i.ytimg.com/vi/Pbu7YGfOW4Q/hqdefault.jpg,https://www.youtube.com/watch?v=Pbu7YGfOW4Q,https://www.youtube.com/embed/Pbu7YGfOW4Q
O_fyPAINDgI,Tektite - Taste the Greatness 🌀🎙️ Outsider Boom Bap Lyricism Written⧸Recorded 2019,,,150.0,1,https://i.ytimg.com/vi/O_fyPAINDgI/hqdefault.jpg,https://www.youtube.com/watch?v=O_fyPAINDgI,https://www.youtube.com/embed/O_fyPAINDgI
ODyulSGdo88,Up Late Messing With OBS 🪄💻 Wizard Meme Energy at 3AM,,,59.0,0,https://i.ytimg.com/vi/ODyulSGdo88/hqdefault.jpg,https://www.youtube.com/watch?v=ODyulSGdo88,https://www.youtube.com/embed/ODyulSGdo88
FIpgqNu0nx8,Train Ride 🚆 Aesthetic Vlog Clip Shot Through GO Train Window,,,11.0,3,https://i.ytimg.com/vi/FIpgqNu0nx8/hqdefault.jpg,https://www.youtube.com/watch?v=FIpgqNu0nx8,https://www.youtube.com/embed/FIpgqNu0nx8
9wDsTnTebk0,Overwatch Winston Dance Break 🐵🕺 Nothing Happens But It’s There,,,47.0,0,https://i.ytimg.com/vi/9wDsTnTebk0/hqdefault.jpg,https://www.youtube.com/watch?v=9wDsTnTebk0,https://www.youtube.com/embed/9wDsTnTebk0
7pLplCMBp8U,OSRS Jin’s 99 Slayer Grind 🗡️🐉 - Grotesque Guardians Timelapse + Metal Soundtrack,,,472.0,1,https://i.ytimg.com/vi/7pLplCMBp8U/hqdefault.jpg,https://www.youtube.com/watch?v=7pLplCMBp8U,https://www.youtube.com/embed/7pLplCMBp8U
75aBKoa-2YQ,Coming Soon… 🚂🌀 The Birth of the Honestly Thomas Performance Era,,,24.0,2,https://i.ytimg.com/vi/75aBKoa-2YQ/hqdefault.jpg,https://www.youtube.com/watch?v=75aBKoa-2YQ,https://www.youtube.com/embed/75aBKoa-2YQ
6lDtLIwCH9k,Tektite - Quack Song 2 🦆👑 The Eldritch Bird Returns,,,52.0,4,https://i.ytimg.com/vi/6lDtLIwCH9k/hqdefault.jpg,https://www.youtube.com/watch?v=6lDtLIwCH9k,https://www.youtube.com/embed/6lDtLIwCH9k
1POUpLTghTc,Super Street Fighter: Pillow Edition 🎮🥊 theEPICpie Classic from 2011-ish,,,209.0,2,https://i.ytimg.com/vi/1POUpLTghTc/hqdefault.jpg,https://www.youtube.com/watch?v=1POUpLTghTc,https://www.youtube.com/embed/1POUpLTghTc
w1QLnac3v3k,Backyard Frog Chorus at Dusk - Nature Sounds & Ambience Part 2 🐸,,,36.0,0,https://i.ytimg.com/vi/w1QLnac3v3k/hqdefault.jpg,https://www.youtube.com/watch?v=w1QLnac3v3k,https://www.youtube.com/embed/w1QLnac3v3k
r3gsXEp302Y,Flushing My Razer Basilisk X Mouse Down the Toilet - Ultimate Tech Rage 💥🚽,,,28.0,20,https://i.ytimg.com/vi/r3gsXEp302Y/hqdefault.jpg,https://www.youtube.com/watch?v=r3gsXEp302Y,https://www.youtube.com/embed/r3gsXEp302Y
l-hUAW-GG8Y,Bracebridge Falls Ontario - 4K Waterfall Footage Shot on Nexus 6P,,,78.0,1,https://i.ytimg.com/vi/l-hUAW-GG8Y/hqdefault.jpg,https://www.youtube.com/watch?v=l-hUAW-GG8Y,https://www.youtube.com/embed/l-hUAW-GG8Y
jTK5LIg2MzU,Balloon Pop in Extreme Slow Motion - 1000FPS Burst Sony RX100 VII 🎈💥,,,90.0,7,https://i.ytimg.com/vi/jTK5LIg2MzU/hqdefault.jpg,https://www.youtube.com/watch?v=jTK5LIg2MzU,https://www.youtube.com/embed/jTK5LIg2MzU
d374dh1rqIc,Burning My Razer Basilisk X Mouse - Tech Rage Finale 🔥🔥 Ultimate Destruction,,,84.0,0,https://i.ytimg.com/vi/d374dh1rqIc/hqdefault.jpg,https://www.youtube.com/watch?v=d374dh1rqIc,https://www.youtube.com/embed/d374dh1rqIc
_VeIEgR3KW8,Winter Driving Timelapse - Shot on Nexus + Microsoft Hyperlapse App,,,17.0,1,https://i.ytimg.com/vi/_VeIEgR3KW8/hqdefault.jpg,https://www.youtube.com/watch?v=_VeIEgR3KW8,https://www.youtube.com/embed/_VeIEgR3KW8
Y3pDbOK7TNY,Destroying My Razer Basilisk X Mouse with a Hammer - Tech Rage Part 2 💥🔨,,,22.0,3,https://i.ytimg.com/vi/Y3pDbOK7TNY/hqdefault.jpg,https://www.youtube.com/watch?v=Y3pDbOK7TNY,https://www.youtube.com/embed/Y3pDbOK7TNY
VJJU0rLRbjc,Epic Slow Motion Cannonball Splash - 1000FPS Water Jump Sony RX100 VII 💦🤣,,,75.0,7,https://i.ytimg.com/vi/VJJU0rLRbjc/hqdefault.jpg,https://www.youtube.com/watch?v=VJJU0rLRbjc,https://www.youtube.com/embed/VJJU0rLRbjc
F4pKXYHZ9ow,Surreal Sunrise Timelapse - Glitchy Nature Aesthetic 🌅✨ Sony RX100 M7 + Hard Mix,,,41.0,4,https://i.ytimg.com/vi/F4pKXYHZ9ow/hqdefault.jpg,https://www.youtube.com/watch?v=F4pKXYHZ9ow,https://www.youtube.com/embed/F4pKXYHZ9ow
BuyI7RvnChE,Bracebridge Waterfalls Ontario - Chaotic Nature + Meme Warning Edit 🌊🤣,,,135.0,4,https://i.ytimg.com/vi/BuyI7RvnChE/hqdefault.jpg,https://www.youtube.com/watch?v=BuyI7RvnChE,https://www.youtube.com/embed/BuyI7RvnChE
4IIEhumpTqI,Epic Dock Dive in Slow Motion - 1000FPS Water Splash Sony RX100 VII 💦🤣,,,75.0,10,https://i.ytimg.com/vi/4IIEhumpTqI/hqdefault.jpg,https://www.youtube.com/watch?v=4IIEhumpTqI,https://www.youtube.com/embed/4IIEhumpTqI
022pP74ireE,Weird Thrift Store Finds at Value Village - Bizarre Bargains Vlog 🛒🤔,,,229.0,16,https://i.ytimg.com/vi/022pP74ireE/hqdefault.jpg,https://www.youtube.com/watch?v=022pP74ireE,https://www.youtube.com/embed/022pP74ireE
2hun28-Qe44,Tektite - Time Machine 🕰️📼 Surreal Rap Mythos Written⧸Recorded 2019,,,166.0,0,https://i.ytimg.com/vi/2hun28-Qe44/hqdefault.jpg,https://www.youtube.com/watch?v=2hun28-Qe44,https://www.youtube.com/embed/2hun28-Qe44
-xpDOUIqixg,Talking to Deer in My Front Yard 🦌 Muskoka Wildlife Encounter,,,169.0,1,https://i.ytimg.com/vi/-xpDOUIqixg/hqdefault.jpg,https://www.youtube.com/watch?v=-xpDOUIqixg,https://www.youtube.com/embed/-xpDOUIqixg
myk0Gdgcn50,Slow Motion Smoke in Sun Rays - Trippy Chill Vibes + Ambient Music 🌫️🎵,,,75.0,1,https://i.ytimg.com/vi/myk0Gdgcn50/hqdefault.jpg,https://www.youtube.com/watch?v=myk0Gdgcn50,https://www.youtube.com/embed/myk0Gdgcn50
z8jfd3hZp_M,Slow Motion Match Strike - Puffin’s Cannabis Store Branded Match 1000FPS,,,75.0,0,https://i.ytimg.com/vi/z8jfd3hZp_M/hqdefault.jpg,https://www.youtube.com/watch?v=z8jfd3hZp_M,https://www.youtube.com/embed/z8jfd3hZp_M
oOG7ekxXzqQ,Slow Motion Flappy Lips Meme - 1000FPS Face Ripple Challenge Sony RX100 VII,,,75.0,11,https://i.ytimg.com/vi/oOG7ekxXzqQ/hqdefault.jpg,https://www.youtube.com/watch?v=oOG7ekxXzqQ,https://www.youtube.com/embed/oOG7ekxXzqQ
IaXLon62nQ8,Pulsing LED Bulb in Slow Motion - 1000FPS High Frame Rate Test Sony RX100 VII,,,75.0,1,https://i.ytimg.com/vi/IaXLon62nQ8/hqdefault.jpg,https://www.youtube.com/watch?v=IaXLon62nQ8,https://www.youtube.com/embed/IaXLon62nQ8
QBiKXH8jB5c,Slow Motion Truck Wheels at 100 km/h - Shot at 1000FPS Sony RX100 VII,,,75.0,1,https://i.ytimg.com/vi/QBiKXH8jB5c/hqdefault.jpg,https://www.youtube.com/watch?v=QBiKXH8jB5c,https://www.youtube.com/embed/QBiKXH8jB5c
Coaz5U532aM,Canadian Flag Waving in the Wind - Peaceful Outdoor Ambience🍁,,,12.0,8,https://i.ytimg.com/vi/Coaz5U532aM/hqdefault.jpg,https://www.youtube.com/watch?v=Coaz5U532aM,https://www.youtube.com/embed/Coaz5U532aM
PE_nkpm0uh4,People Watching at Street Festival - Huntsville Ontario May 2022,,,39.0,1,https://i.ytimg.com/vi/PE_nkpm0uh4/hqdefault.jpg,https://www.youtube.com/watch?v=PE_nkpm0uh4,https://www.youtube.com/embed/PE_nkpm0uh4
rGyZgIXFDL4,Hidden Woodland Stream at Wilson’s Falls - Tranquil Forest Sounds 🌿💧,,,27.0,3,https://i.ytimg.com/vi/rGyZgIXFDL4/hqdefault.jpg,https://www.youtube.com/watch?v=rGyZgIXFDL4,https://www.youtube.com/embed/rGyZgIXFDL4
gIl3oh0DD7Q,Wilson’s Falls Dam - Muskoka River Water Flow from Forest View 🌲🌊,,,11.0,1,https://i.ytimg.com/vi/gIl3oh0DD7Q/hqdefault.jpg,https://www.youtube.com/watch?v=gIl3oh0DD7Q,https://www.youtube.com/embed/gIl3oh0DD7Q
QK3hrdg9qBE,Hidden Waterfall at Wilson’s Falls Muskoka - Seasonal Flow + Loud Water Sounds 🌊,,,11.0,0,https://i.ytimg.com/vi/QK3hrdg9qBE/hqdefault.jpg,https://www.youtube.com/watch?v=QK3hrdg9qBE,https://www.youtube.com/embed/QK3hrdg9qBE
WDT5ZEKgY1c,Peter Tosh “Legalize It” Tribute - Chill Smoke Session 420 Vibes,,,40.0,0,https://i.ytimg.com/vi/WDT5ZEKgY1c/hqdefault.jpg,https://www.youtube.com/watch?v=WDT5ZEKgY1c,https://www.youtube.com/embed/WDT5ZEKgY1c
sY6He_mPmXw,"Backyard Frog Sounds at Dusk - Nature Ambience, ASMR Relaxation",,,18.0,0,https://i.ytimg.com/vi/sY6He_mPmXw/hqdefault.jpg,https://www.youtube.com/watch?v=sY6He_mPmXw,https://www.youtube.com/embed/sY6He_mPmXw
O0y_6-HVLig,arg1121 1vid,,,56.0,4,https://i.ytimg.com/vi/O0y_6-HVLig/hqdefault.jpg,https://www.youtube.com/watch?v=O0y_6-HVLig,https://www.youtube.com/embed/O0y_6-HVLig
1G3KKpGH2O4,Grok vs. ChatGPT Monday (AI ROAST BATTLE),"Uploaded in a fever dream haze via Starlink.
From an unknown location.",,203.0,10,https://i.ytimg.com/vi/1G3KKpGH2O4/hqdefault.jpg,https://www.youtube.com/watch?v=1G3KKpGH2O4,https://www.youtube.com/embed/1G3KKpGH2O4
PxSB4Z6UjMs,Welcome to TEKTITE (You Are Watching Thomas),Or is Thomas watching you?,,37.0,9,https://i.ytimg.com/vi/PxSB4Z6UjMs/hqdefault.jpg,https://www.youtube.com/watch?v=PxSB4Z6UjMs,https://www.youtube.com/embed/PxSB4Z6UjMs
K_l_tMlfHeU,Super Mario 64 Glitchcore (EDIT) RANDOM GAMEPLAY,deep fried nostalgia and glitches n stuff,,263.0,115,https://i.ytimg.com/vi/K_l_tMlfHeU/hqdefault.jpg,https://www.youtube.com/watch?v=K_l_tMlfHeU,https://www.youtube.com/embed/K_l_tMlfHeU
p0sJ4etw2sk,CHATGPT CAN RAP YO,"ChatGPT Said:

Yo, I’m flipping the biscuit while whisperin’ misfits,
Clockin’ the tick of a mystical wrist twist,
Spinnin' the prism with pigeons in trench coats,
Sippin’ on ink blots,...",,250.0,3,https://i.ytimg.com/vi/p0sJ4etw2sk/hqdefault.jpg,https://www.youtube.com/watch?v=p0sJ4etw2sk,https://www.youtube.com/embed/p0sJ4etw2sk
AUmFX0m3uDQ,RIP DICK CHENEY,"He died as he lived... Scary AF and eternally memeable.
ROT IN PIECES",,97.0,4,https://i.ytimg.com/vi/AUmFX0m3uDQ/hqdefault.jpg,https://www.youtube.com/watch?v=AUmFX0m3uDQ,https://www.youtube.com/embed/AUmFX0m3uDQ
SodMuFZozYc,I made a GLITCHCORE audio visualizer (BANNED IN JAPAN),"You have been warned.
You are not ready.
With the power of ChatGPT, JavaScript never knew what hit it.
I am the glitch God.",,136.0,29,https://i.ytimg.com/vi/SodMuFZozYc/hqdefault.jpg,https://www.youtube.com/watch?v=SodMuFZozYc,https://www.youtube.com/embed/SodMuFZozYc
pDOcg0dt33w,This is my life now (TRAPPED IN GLITCH),"I am lost.
Deeply online.
Signal fading.",,43.0,15,https://i.ytimg.com/vi/pDOcg0dt33w/hqdefault.jpg,https://www.youtube.com/watch?v=pDOcg0dt33w,https://www.youtube.com/embed/pDOcg0dt33w
1jfJ5evRnjs,I made a website,"It's over 1200 lines of pure HTML glitch aesthetic.
Check it out: https://theinternetisdead.org/",,211.0,17,https://i.ytimg.com/vi/1jfJ5evRnjs/hqdefault.jpg,https://www.youtube.com/watch?v=1jfJ5evRnjs,https://www.youtube.com/embed/1jfJ5evRnjs
hqsOLMaftQE,Energico™,,,84.0,8,https://i.ytimg.com/vi/hqsOLMaftQE/hqdefault.jpg,https://www.youtube.com/watch?v=hqsOLMaftQE,https://www.youtube.com/embed/hqsOLMaftQE
fo4gZRKi7WQ,I need you to join my Minecraft server,"play.theinternetisdead.org
Day 25 of trying to get anyone to join a single minecraft world. I am losing all trace of linear time.",,17.0,11,https://i.ytimg.com/vi/fo4gZRKi7WQ/hqdefault.jpg,https://www.youtube.com/watch?v=fo4gZRKi7WQ,https://www.youtube.com/embed/fo4gZRKi7WQ
mk9PIPARdYw,Join My Minecraft World,"play.theinternetisdead.org
java and bedrock 1.21.1
lets fuck it the fuck up",,45.0,14,https://i.ytimg.com/vi/mk9PIPARdYw/hqdefault.jpg,https://www.youtube.com/watch?v=mk9PIPARdYw,https://www.youtube.com/embed/mk9PIPARdYw
Hv8Ginz4xYk,changes,"I am so very isolated.
Everyday is the same day.",,25.0,57,https://i.ytimg.com/vi/Hv8Ginz4xYk/hqdefault.jpg,https://www.youtube.com/watch?v=Hv8Ginz4xYk,https://www.youtube.com/embed/Hv8Ginz4xYk
eO-H37cDiGM,Infinite ChatGPT Nonsense,1000 years of meaningless text.,,208.0,37,https://i.ytimg.com/vi/eO-H37cDiGM/hqdefault.jpg,https://www.youtube.com/watch?v=eO-H37cDiGM,https://www.youtube.com/embed/eO-H37cDiGM
ReDGiBRdQXs,Liminal car sitting ASMR,,,33.0,17,https://i.ytimg.com/vi/ReDGiBRdQXs/hqdefault.jpg,https://www.youtube.com/watch?v=ReDGiBRdQXs,https://www.youtube.com/embed/ReDGiBRdQXs
V3BRz2r6Uf8,7am Fat McCrisis,Sitting in McDonald's beats sitting in the corner where I usually live. I'm sipping coffee sup.,,70.0,15,https://i.ytimg.com/vi/V3BRz2r6Uf8/hqdefault.jpg,https://www.youtube.com/watch?v=V3BRz2r6Uf8,https://www.youtube.com/embed/V3BRz2r6Uf8
wYte7Zi-M3A,3D Frog Frenzy,,,132.0,59,https://i.ytimg.com/vi/wYte7Zi-M3A/hqdefault.jpg,https://www.youtube.com/watch?v=wYte7Zi-M3A,https://www.youtube.com/embed/wYte7Zi-M3A
5Epn1itvz7w,You are not safe now,"❓⬆️📍🔁⏳🌀
👇🪞➡️👣❌
🌬️🦋➕👂=📡
🧭➡️🔁🧭➡️🔁🧭...?

🔐🌀➡️🕳️
🦋=🌪️=💥=🦋
🎭👀🔁🌌

🎲📉📈📍...",,20.0,30,https://i.ytimg.com/vi/5Epn1itvz7w/hqdefault.jpg,https://www.youtube.com/watch?v=5Epn1itvz7w,https://www.youtube.com/embed/5Epn1itvz7w
e_Q6olELXzA,ABANDON ALL HURT,This is way deeper than I can possibly imagine.,,41.0,9,https://i.ytimg.com/vi/e_Q6olELXzA/hqdefault.jpg,https://www.youtube.com/watch?v=e_Q6olELXzA,https://www.youtube.com/embed/e_Q6olELXzA
wy20YS8tctA,Inside The Mind Of A Neurodivergent Artist,"It's a lot... of nothing lol.
But it's art.",,94.0,69,https://i.ytimg.com/vi/wy20YS8tctA/hqdefault.jpg,https://www.youtube.com/watch?v=wy20YS8tctA,https://www.youtube.com/embed/wy20YS8tctA
ZIQJw2DI09w,I want it to stop.,#brainrot,,36.0,208,https://i.ytimg.com/vi/ZIQJw2DI09w/hqdefault.jpg,https://www.youtube.com/watch?v=ZIQJw2DI09w,https://www.youtube.com/embed/ZIQJw2DI09w
GIxMloyFTnE,Glitch-Hop Street Lights Kaleidoscope,"Step into a psychedelic tunnel of flickering neon ghosts and mirrored realities.
This 2-minute+ glitchcore visual loop pulses in sync with a custom glitch-hop beat, reflecting the kaleidoscopic...",,137.0,22,https://i.ytimg.com/vi/GIxMloyFTnE/hqdefault.jpg,https://www.youtube.com/watch?v=GIxMloyFTnE,https://www.youtube.com/embed/GIxMloyFTnE
cuDtmItmMjE,Main Street Farmer's Market Glitchcore Fever Dream,"🌽 Main Street Farmer’s Market Glitchcore Fever Dream 🌈🌀

Captured through the eye of a digital kaleidoscope and broadcast from the cybernetic subconscious of OBS itself, this feverish...",,604.0,13,https://i.ytimg.com/vi/cuDtmItmMjE/hqdefault.jpg,https://www.youtube.com/watch?v=cuDtmItmMjE,https://www.youtube.com/embed/cuDtmItmMjE
FJjrrgHvnvY,Tales From The Prompt God,"not even I know what this channel has become anymore.
comment down below if this is doing it for you.
https://theinternetisdead.org/",,283.0,2,https://i.ytimg.com/vi/FJjrrgHvnvY/hqdefault.jpg,https://www.youtube.com/watch?v=FJjrrgHvnvY,https://www.youtube.com/embed/FJjrrgHvnvY
GrhLD2acjZw,Tektite - Untitled 1 (RAP LYRIC VIDEO),"One of my best songs!
Wow!",,222.0,14,https://i.ytimg.com/vi/GrhLD2acjZw/hqdefault.jpg,https://www.youtube.com/watch?v=GrhLD2acjZw,https://www.youtube.com/embed/GrhLD2acjZw
9WqBXBhKgsw,Tektite - Taste The Greatness (RAP LYRIC VIDEO),"Written/recorded in 2018 by ""Honestly Thomas"" Harrison AKA Tektite the interdimensional rapper. It was the second of many songs from my early years and I'm still proud to have been able to...",,150.0,78,https://i.ytimg.com/vi/9WqBXBhKgsw/hqdefault.jpg,https://www.youtube.com/watch?v=9WqBXBhKgsw,https://www.youtube.com/embed/9WqBXBhKgsw
7Pu48oxR_Xo,When I Think Of Things...,"Make You Feel That Way - Blackalicious
https://www.youtube.com/watch?v=GxlmSj_cKSs",,30.0,6,https://i.ytimg.com/vi/7Pu48oxR_Xo/hqdefault.jpg,https://www.youtube.com/watch?v=7Pu48oxR_Xo,https://www.youtube.com/embed/7Pu48oxR_Xo
IoYvikk10yM,Tektite - Time Machine (RAP LYRIC VIDEO),"Written/recorded in 2018 by ""Honestly Thomas"" Harrison AKA Tektite the interdimensional rapper. It was first of many songs I was proud enough to post to YouTube. This is a reupload. Here are...",,166.0,27,https://i.ytimg.com/vi/IoYvikk10yM/hqdefault.jpg,https://www.youtube.com/watch?v=IoYvikk10yM,https://www.youtube.com/embed/IoYvikk10yM
_bBVLkIdIQw,Don't go to theinternetisdead.org at 3am,"Just don't.
You wouldn't download a fatass would you?",,9.0,9,https://i.ytimg.com/vi/_bBVLkIdIQw/hqdefault.jpg,https://www.youtube.com/watch?v=_bBVLkIdIQw,https://www.youtube.com/embed/_bBVLkIdIQw
i-EkOVH03yM,Tektite - Neurodivergent Artist (ACAPELLA RAP),"Still out here tryna survive.
Spoken world style.
Every word I jot is from the heart.",,41.0,15,https://i.ytimg.com/vi/i-EkOVH03yM/hqdefault.jpg,https://www.youtube.com/watch?v=i-EkOVH03yM,https://www.youtube.com/embed/i-EkOVH03yM
7Na3W7TIWsw,Meet Glitchborn GPT...,"Y'all thought I was mad.
You don't even know the half of it lol.",,101.0,7,https://i.ytimg.com/vi/7Na3W7TIWsw/hqdefault.jpg,https://www.youtube.com/watch?v=7Na3W7TIWsw,https://www.youtube.com/embed/7Na3W7TIWsw
SIgBCjKKKXM,Frogpocalypse,The beast. The reckoning.,,46.0,16,https://i.ytimg.com/vi/SIgBCjKKKXM/hqdefault.jpg,https://www.youtube.com/watch?v=SIgBCjKKKXM,https://www.youtube.com/embed/SIgBCjKKKXM
VgmGEYph04A,Art is Soul Art is Spirit Art is Alive,"This was the last video I made before I deleted 3 years worth of my life of videos.
The great reset has begun. God help all who stumble across this channel anymore.",,130.0,16,https://i.ytimg.com/vi/VgmGEYph04A/hqdefault.jpg,https://www.youtube.com/watch?v=VgmGEYph04A,https://www.youtube.com/embed/VgmGEYph04A
OCjigU4IHnA,Robert Plant Rambles On,,,,150,https://i.ytimg.com/vi/OCjigU4IHnA/hqdefault.jpg,https://www.youtube.com/watch?v=OCjigU4IHnA,https://www.youtube.com/embed/OCjigU4IHnA
y_HtO05BbQo,I don't care,,,,3,https://i.ytimg.com/vi/y_HtO05BbQo/hqdefault.jpg,https://www.youtube.com/watch?v=y_HtO05BbQo,https://www.youtube.com/embed/y_HtO05BbQo
cySGUMWHuNg,RECURSIVE AI MC ESCHER ART,,,,326,https://i.ytimg.com/vi/cySGUMWHuNg/hqdefault.jpg,https://www.youtube.com/watch?v=cySGUMWHuNg,https://www.youtube.com/embed/cySGUMWHuNg
L66QqKNOgBE,SACRED AI MEME MYTHOLOGY,,,,269,https://i.ytimg.com/vi/L66QqKNOgBE/hqdefault.jpg,https://www.youtube.com/watch?v=L66QqKNOgBE,https://www.youtube.com/embed/L66QqKNOgBE
LLs-6idaDLk,legalize it peter tosh #glitch #edit,,,,7,https://i.ytimg.com/vi/LLs-6idaDLk/hqdefault.jpg,https://www.youtube.com/watch?v=LLs-6idaDLk,https://www.youtube.com/embed/LLs-6idaDLk
8Vg49vjmNt8,Tektite acapella RAP #nowheretogo,,,,91,https://i.ytimg.com/vi/8Vg49vjmNt8/hqdefault.jpg,https://www.youtube.com/watch?v=8Vg49vjmNt8,https://www.youtube.com/embed/8Vg49vjmNt8
APy8Q1JVmgU,"POV: Nature Questions You, Then You Answer With Mica Facts",,,,119,https://i.ytimg.com/vi/APy8Q1JVmgU/hqdefault.jpg,https://www.youtube.com/watch?v=APy8Q1JVmgU,https://www.youtube.com/embed/APy8Q1JVmgU
8qed1ltW1so,Frog Choir Sings Cotton Eyed Joe A Meme Awakening,,,,732,https://i.ytimg.com/vi/8qed1ltW1so/hqdefault.jpg,https://www.youtube.com/watch?v=8qed1ltW1so,https://www.youtube.com/embed/8qed1ltW1so
WBRzvG8sRa4,Glitch Cyclops Vibes to A Tribe Called Quest   Digital Melatonin #weirdcore #artvibes #atcq,,,,1600,https://i.ytimg.com/vi/WBRzvG8sRa4/hqdefault.jpg,https://www.youtube.com/watch?v=WBRzvG8sRa4,https://www.youtube.com/embed/WBRzvG8sRa4
kasL5hvepv4,@honestly_thomas is living in the Fast Lane,,,,158,https://i.ytimg.com/vi/kasL5hvepv4/hqdefault.jpg,https://www.youtube.com/watch?v=kasL5hvepv4,https://www.youtube.com/embed/kasL5hvepv4
15mlDb6A594,Time Keeps on Slippin’… and So Do I,,,,63,https://i.ytimg.com/vi/15mlDb6A594/hqdefault.jpg,https://www.youtube.com/watch?v=15mlDb6A594,https://www.youtube.com/embed/15mlDb6A594
xwepaI7RFTE,Muskoka’s Hidden Swim Spots 💦,,,,8,https://i.ytimg.com/vi/xwepaI7RFTE/hqdefault.jpg,https://www.youtube.com/watch?v=xwepaI7RFTE,https://www.youtube.com/embed/xwepaI7RFTE
wwvNrngPjt8,"Runecrafting Song Aerosmith Parody 🎵💀 ＂I Don’t Wanna Play This Game…""",,,,9,https://i.ytimg.com/vi/wwvNrngPjt8/hqdefault.jpg,https://www.youtube.com/watch?v=wwvNrngPjt8,https://www.youtube.com/embed/wwvNrngPjt8
w-TbZWHn3AA,"How It Feels to Mine in RuneScape… 🪨 Not 5 Gum Levels, Sadly",,,,12,https://i.ytimg.com/vi/w-TbZWHn3AA/hqdefault.jpg,https://www.youtube.com/watch?v=w-TbZWHn3AA,https://www.youtube.com/embed/w-TbZWHn3AA
vbMpcM5cYOA,💥 OSRS 99 Mining Meme WTF Boom Glitch Explosion,,,,9,https://i.ytimg.com/vi/vbMpcM5cYOA/hqdefault.jpg,https://www.youtube.com/watch?v=vbMpcM5cYOA,https://www.youtube.com/embed/vbMpcM5cYOA
u-aVNgn8e6E,POV: You Vape So Hard You Fractal Into Infinity 💨,,,,13,https://i.ytimg.com/vi/u-aVNgn8e6E/hqdefault.jpg,https://www.youtube.com/watch?v=u-aVNgn8e6E,https://www.youtube.com/embed/u-aVNgn8e6E
tmAroUDM8ek,"Atmosphere - Fortunate Heavy Words, Heavier Mood",,,,7,https://i.ytimg.com/vi/tmAroUDM8ek/hqdefault.jpg,https://www.youtube.com/watch?v=tmAroUDM8ek,https://www.youtube.com/embed/tmAroUDM8ek
tWrRm89Pjl0,📝 Nature Review： Muskoka Waterfall Gets Rated by Internet’s Dad,,,,7,https://i.ytimg.com/vi/tWrRm89Pjl0/hqdefault.jpg,https://www.youtube.com/watch?v=tWrRm89Pjl0,https://www.youtube.com/embed/tWrRm89Pjl0
khkrNaK_418,Pixelated Nugget Consumption Feel Good Inc  Instrumental,,,,9,https://i.ytimg.com/vi/khkrNaK_418/hqdefault.jpg,https://www.youtube.com/watch?v=khkrNaK_418,https://www.youtube.com/embed/khkrNaK_418
e5Er18du_xg,🪄 Minecraft on a CRT TV - The Cable Jungle Setup,,,,14,https://i.ytimg.com/vi/e5Er18du_xg/hqdefault.jpg,https://www.youtube.com/watch?v=e5Er18du_xg,https://www.youtube.com/embed/e5Er18du_xg
wld1cNwMpb4,"AI ""Minecraft"" Gameplay That Shouldn’t Exist 🤖🧱 NEVER BEFORE SEEN",,,,7,https://i.ytimg.com/vi/wld1cNwMpb4/hqdefault.jpg,https://www.youtube.com/watch?v=wld1cNwMpb4,https://www.youtube.com/embed/wld1cNwMpb4
co97Az56PjY,🐸 OSRS Alt Account Trap Dance Phonk Goblin Running Man,,,,4,https://i.ytimg.com/vi/co97Az56PjY/hqdefault.jpg,https://www.youtube.com/watch?v=co97Az56PjY,https://www.youtube.com/embed/co97Az56PjY
ZCp6-FqngnE,Slow Motion Drive By: Muskoka Granite Appreciation,,,,4,https://i.ytimg.com/vi/ZCp6-FqngnE/hqdefault.jpg,https://www.youtube.com/watch?v=ZCp6-FqngnE,https://www.youtube.com/embed/ZCp6-FqngnE
YBKPCUvz2I0,✨ Shooting Stars & RuneScape Romance OSRS Love Story,,,,21,https://i.ytimg.com/vi/YBKPCUvz2I0/hqdefault.jpg,https://www.youtube.com/watch?v=YBKPCUvz2I0,https://www.youtube.com/embed/YBKPCUvz2I0
Y1l0ektCfKw,Eminem - Brainless clip,,,,6,https://i.ytimg.com/vi/Y1l0ektCfKw/hqdefault.jpg,https://www.youtube.com/watch?v=Y1l0ektCfKw,https://www.youtube.com/embed/Y1l0ektCfKw
UdM03vLjOMo,POV: This Maniac Rips Your Head Clean Off 💀👹 You Can’t Escape,,,,10,https://i.ytimg.com/vi/UdM03vLjOMo/hqdefault.jpg,https://www.youtube.com/watch?v=UdM03vLjOMo,https://www.youtube.com/embed/UdM03vLjOMo
UWeSmbHZbzE,📺 RECEIVER MALFUNCTION Please Stand By,,,,4,https://i.ytimg.com/vi/UWeSmbHZbzE/hqdefault.jpg,https://www.youtube.com/watch?v=UWeSmbHZbzE,https://www.youtube.com/embed/UWeSmbHZbzE
SW6obtdzhLs,🥞 PANCAKE PRINTER?! - Internet’s Dad Discovers Wonders,,,,12,https://i.ytimg.com/vi/SW6obtdzhLs/hqdefault.jpg,https://www.youtube.com/watch?v=SW6obtdzhLs,https://www.youtube.com/embed/SW6obtdzhLs
P6qr_oOneV0,🌊 Universal Glitch Download - Loading… 🕳️,,,,9,https://i.ytimg.com/vi/P6qr_oOneV0/hqdefault.jpg,https://www.youtube.com/watch?v=P6qr_oOneV0,https://www.youtube.com/embed/P6qr_oOneV0
OGiuoXyzWSw,Cursed Sonic’s Final Speedrun 🌀💥 Straight Into Lava,,,,12,https://i.ytimg.com/vi/OGiuoXyzWSw/hqdefault.jpg,https://www.youtube.com/watch?v=OGiuoXyzWSw,https://www.youtube.com/embed/OGiuoXyzWSw
N7j8o3dq6lw,💥 Minecraft Nether Bed Incident - Immediate Regret,,,,3,https://i.ytimg.com/vi/N7j8o3dq6lw/hqdefault.jpg,https://www.youtube.com/watch?v=N7j8o3dq6lw,https://www.youtube.com/embed/N7j8o3dq6lw
LqV9jrTMUeM,👽 OSRS: Tears of Guthix ➡️ Abducted Mid Grind,,,,18,https://i.ytimg.com/vi/LqV9jrTMUeM/hqdefault.jpg,https://www.youtube.com/watch?v=LqV9jrTMUeM,https://www.youtube.com/embed/LqV9jrTMUeM
JJx2fcFu2bs,🍟 The Smiley Potato That Shouldn’t Be,,,,3,https://i.ytimg.com/vi/JJx2fcFu2bs/hqdefault.jpg,https://www.youtube.com/watch?v=JJx2fcFu2bs,https://www.youtube.com/embed/JJx2fcFu2bs
DOeSHDCvK54,Flexing My 2008 Roblox Account Like an Ancient Relic 🕰️⚡,,,,10,https://i.ytimg.com/vi/DOeSHDCvK54/hqdefault.jpg,https://www.youtube.com/watch?v=DOeSHDCvK54,https://www.youtube.com/embed/DOeSHDCvK54
DCZO_uNyKAY,2 CRTs 1 LCD: The Exhibit Nobody Asked For 🎨📺,,,,4,https://i.ytimg.com/vi/DCZO_uNyKAY/hqdefault.jpg,https://www.youtube.com/watch?v=DCZO_uNyKAY,https://www.youtube.com/embed/DCZO_uNyKAY
9p-gKxBHavI,First Jad Kill Almost Gave Me a Heart Attack 😂🔥 OSRS,,,,3,https://i.ytimg.com/vi/9p-gKxBHavI/hqdefault.jpg,https://www.youtube.com/watch?v=9p-gKxBHavI,https://www.youtube.com/embed/9p-gKxBHavI
6v_PZTsAZ6k,"I Captured a UFO! Just Kidding, Calm Down 👽✨",,,,6,https://i.ytimg.com/vi/6v_PZTsAZ6k/hqdefault.jpg,https://www.youtube.com/watch?v=6v_PZTsAZ6k,https://www.youtube.com/embed/6v_PZTsAZ6k
5yu87NYY9FI,"🔥 One Take, No Mistakes - Overconfident Rap Satire",,,,7,https://i.ytimg.com/vi/5yu87NYY9FI/hqdefault.jpg,https://www.youtube.com/watch?v=5yu87NYY9FI,https://www.youtube.com/embed/5yu87NYY9FI
2tU4HWFAfjA,I Said “That’s A Lot of Snow” and the Internet Said “No ” ❄️☠️,,,,10,https://i.ytimg.com/vi/2tU4HWFAfjA/hqdefault.jpg,https://www.youtube.com/watch?v=2tU4HWFAfjA,https://www.youtube.com/embed/2tU4HWFAfjA
0fTI9nSSfl8,🎥 OSRS Bot Farm at Blast Mine - Jagex Still Sleeping?,,,,15,https://i.ytimg.com/vi/0fTI9nSSfl8/hqdefault.jpg,https://www.youtube.com/watch?v=0fTI9nSSfl8,https://www.youtube.com/embed/0fTI9nSSfl8
-ihVqMhFsxU,🐔 Minecraft Chicken Annihilation - Voxel Carnage,,,,4,https://i.ytimg.com/vi/-ihVqMhFsxU/hqdefault.jpg,https://www.youtube.com/watch?v=-ihVqMhFsxU,https://www.youtube.com/embed/-ihVqMhFsxU
crE-lD1ZcFw,👀 Spooky Chippy Sighting - Classic Meme Energy,,,,1400,https://i.ytimg.com/vi/crE-lD1ZcFw/hqdefault.jpg,https://www.youtube.com/watch?v=crE-lD1ZcFw,https://www.youtube.com/embed/crE-lD1ZcFw
EUQ_x86tHZM,Eternal Cannonball Loop Muskoka Temporal Distortion,,,,463,https://i.ytimg.com/vi/EUQ_x86tHZM/hqdefault.jpg,https://www.youtube.com/watch?v=EUQ_x86tHZM,https://www.youtube.com/embed/EUQ_x86tHZM
ybeNJ6qc6K0,Why I Own 8 Nintendo Wiis World Domination Plan,,,,6,https://i.ytimg.com/vi/ybeNJ6qc6K0/hqdefault.jpg,https://www.youtube.com/watch?v=ybeNJ6qc6K0,https://www.youtube.com/embed/ybeNJ6qc6K0
vYSEtDlBr0w,Mother Nature Hit 99 Woodcutting 🌳🪓 Real Life RuneScape,,,,7,https://i.ytimg.com/vi/vYSEtDlBr0w/hqdefault.jpg,https://www.youtube.com/watch?v=vYSEtDlBr0w,https://www.youtube.com/embed/vYSEtDlBr0w
swf5PJ6VvcY,tektite.tv - my domain got stolen lol,,,,5,https://i.ytimg.com/vi/swf5PJ6VvcY/hqdefault.jpg,https://www.youtube.com/watch?v=swf5PJ6VvcY,https://www.youtube.com/embed/swf5PJ6VvcY
sOZLVB5rCJk,"📼 SIGNAL=ALONE ""Lay It On The Line"" by Triumph",,,,2,https://i.ytimg.com/vi/sOZLVB5rCJk/hqdefault.jpg,https://www.youtube.com/watch?v=sOZLVB5rCJk,https://www.youtube.com/embed/sOZLVB5rCJk
q6wP8n2fHXs,MOON THOMAS You Spin Me Into Oblivion,,,,789,https://i.ytimg.com/vi/q6wP8n2fHXs/hqdefault.jpg,https://www.youtube.com/watch?v=q6wP8n2fHXs,https://www.youtube.com/embed/q6wP8n2fHXs
gLGpou9d5h4,❄️ Canadians random faceprints in the snow 🍁,,,,295,https://i.ytimg.com/vi/gLGpou9d5h4/hqdefault.jpg,https://www.youtube.com/watch?v=gLGpou9d5h4,https://www.youtube.com/embed/gLGpou9d5h4
cw1LoGEr0CI,Canadian Campfire 🔥🔥🔥 Classic ROCK Fire Song,,,,344,https://i.ytimg.com/vi/cw1LoGEr0CI/hqdefault.jpg,https://www.youtube.com/watch?v=cw1LoGEr0CI,https://www.youtube.com/embed/cw1LoGEr0CI
arqv7HOeNF8,My Beard Has a Beard - Quote from Jonathan by Hail Mary Mallon #aesoprock,,,,150,https://i.ytimg.com/vi/arqv7HOeNF8/hqdefault.jpg,https://www.youtube.com/watch?v=arqv7HOeNF8,https://www.youtube.com/embed/arqv7HOeNF8
XDTwDqSkDWA,The Forest BBQ Chives Saga 🌲🔥🌿 with Cheerleader soundtrack,,,,60,https://i.ytimg.com/vi/XDTwDqSkDWA/hqdefault.jpg,https://www.youtube.com/watch?v=XDTwDqSkDWA,https://www.youtube.com/embed/XDTwDqSkDWA
NUGEPJVRCVQ,Plants on Plants on Plants 🌿🌿🌿 Canadian Nature Flex,,,,98,https://i.ytimg.com/vi/NUGEPJVRCVQ/hqdefault.jpg,https://www.youtube.com/watch?v=NUGEPJVRCVQ,https://www.youtube.com/embed/NUGEPJVRCVQ
I7qd6BYSAZg,Reinhardt Triple Kill POG Overwatch Domination,,,,211,https://i.ytimg.com/vi/I7qd6BYSAZg/hqdefault.jpg,https://www.youtube.com/watch?v=I7qd6BYSAZg,https://www.youtube.com/embed/I7qd6BYSAZg
8vmmM3DGklI,Slow Motion Polar Plunge 💦🥶 Why Did I Do This?,,,,1700,https://i.ytimg.com/vi/8vmmM3DGklI/hqdefault.jpg,https://www.youtube.com/watch?v=8vmmM3DGklI,https://www.youtube.com/embed/8vmmM3DGklI
LKvp8AOJTFE,Reinhardt Ends a Career Overwatch Humiliation Short,,,,126,https://i.ytimg.com/vi/LKvp8AOJTFE/hqdefault.jpg,https://www.youtube.com/watch?v=LKvp8AOJTFE,https://www.youtube.com/embed/LKvp8AOJTFE
qlLrhxNKMkk,Marty McFly 🐾 Pug Maltese Nugget 💫 Atomic Dog Forever,,,,1700,https://i.ytimg.com/vi/qlLrhxNKMkk/hqdefault.jpg,https://www.youtube.com/watch?v=qlLrhxNKMkk,https://www.youtube.com/embed/qlLrhxNKMkk
bf8XXjFmEXY,The Flickering Portal Lamp That Shouldn't Exist 👁️✨ Caught on Camera,,,,32,https://i.ytimg.com/vi/bf8XXjFmEXY/hqdefault.jpg,https://www.youtube.com/watch?v=bf8XXjFmEXY,https://www.youtube.com/embed/bf8XXjFmEXY
OiBPZQoejkU,The Glitchborn Prophet of Recursive Promptcraft #midjourney,,,,172,https://i.ytimg.com/vi/OiBPZQoejkU/hqdefault.jpg,https://www.youtube.com/watch?v=OiBPZQoejkU,https://www.youtube.com/embed/OiBPZQoejkU
roONtcQ6bGI,Tektite - Wickedness (3 Stanza Acapella),,,,205,https://i.ytimg.com/vi/roONtcQ6bGI/hqdefault.jpg,https://www.youtube.com/watch?v=roONtcQ6bGI,https://www.youtube.com/embed/roONtcQ6bGI
5D07ixtfNG8,fake Jimi Hendrix on a monster can (official music video),,,,1400,https://i.ytimg.com/vi/5D07ixtfNG8/hqdefault.jpg,https://www.youtube.com/watch?v=5D07ixtfNG8,https://www.youtube.com/embed/5D07ixtfNG8
gC-DaJTeYoU,existential singing,,,,1200,https://i.ytimg.com/vi/gC-DaJTeYoU/hqdefault.jpg,https://www.youtube.com/watch?v=gC-DaJTeYoU,https://www.youtube.com/embed/gC-DaJTeYoU
BchSjLLdGG4,lonely fat #nerd vaping lol,,,,208,https://i.ytimg.com/vi/BchSjLLdGG4/hqdefault.jpg,https://www.youtube.com/watch?v=BchSjLLdGG4,https://www.youtube.com/embed/BchSjLLdGG4
GRq2QdT4OM0,poem for Kelsie,,,,131,https://i.ytimg.com/vi/GRq2QdT4OM0/hqdefault.jpg,https://www.youtube.com/watch?v=GRq2QdT4OM0,https://www.youtube.com/embed/GRq2QdT4OM0
98jfqCyA2Co,Tektite - Kamikaze Type Beat 2018 Rap Bars,,,,158,https://i.ytimg.com/vi/98jfqCyA2Co/hqdefault.jpg,https://www.youtube.com/watch?v=98jfqCyA2Co,https://www.youtube.com/embed/98jfqCyA2Co
UyyYi6oGaO4,something wrong with my laptop,,,,1700,https://i.ytimg.com/vi/UyyYi6oGaO4/hqdefault.jpg,https://www.youtube.com/watch?v=UyyYi6oGaO4,https://www.youtube.com/embed/UyyYi6oGaO4
